#{"t_start": 1785945669.8038392, "env_id": "poke-env-v0"}
r,l,t
-38.65,28,2.250231
-41.48,28,2.485752
-43.39,33,2.768976
-35.81,34,3.040027
-35.87,48,3.662681
-41.81,25,3.875233
-41.17,33,4.158614
-44.41,27,4.656072
-44.53,35,5.023609
36.0,41,5.518313
-41.57,36,5.917464
-37.97,26,6.192683
-38.75,24,6.436496
-43.82,25,6.700407
-43.72,30,7.079524
-44.16,35,7.480458
-47.33,21,7.722029
-41.48,25,8.008881
-44.26,31,8.43882
-44.36,32,8.805192
-41.32,39,9.217958
-44.01,24,9.473043
-41.22,35,9.847012
-47.82,30,10.147524
-41.09,28,10.454631
-45.0,33,10.811931
-42.0,31,11.131732
-41.26,49,11.64217
-37.64,29,12.023461
-41.53,24,13.004693
-35.95,40,13.432158
-44.13,19,13.621984
-37.92,30,13.938324
-41.91,38,14.358625
-43.27,22,14.603954
-38.52,22,14.835878
-44.1,31,15.152609
-35.64,52,15.721686
-39.0,32,16.06
-43.96,20,16.281691
-42.0,25,16.556305
-47.09,28,16.855616
-33.0,37,17.309088
-38.81,30,17.619486
-41.68,22,17.878348
-45.0,25,18.133052
-38.64,28,18.428412
-44.5,31,18.777698
-41.87,22,18.994782
-32.42,37,19.398086
-43.67,28,19.706986
-38.02,35,20.083474
-44.02,25,20.359842
-39.0,22,20.579381
-38.18,24,20.81882
-40.65,28,21.141629
-44.72,19,21.34348
-38.66,62,21.993387
-38.02,26,22.270167
-44.65,23,22.499656
-41.25,30,22.820282
-41.54,43,23.286891
-38.12,23,23.547653
-33.0,34,24.142727
-36.0,32,24.480191
-44.68,24,24.751787
-33.0,45,25.252991
-39.0,26,25.535282
32.58952,48,26.024237
-44.46,21,26.244552
-42.0,19,26.456267
-44.34,28,26.753093
-44.69,25,27.007364
-42.0,39,27.41559
-44.28,21,27.636919
-47.05,18,28.815481
-44.67,33,29.179785
-35.64,32,29.518695
-38.11,45,29.976582
-45.0,23,30.226132
-40.99,25,30.481115
-41.15,35,30.855183
-43.2,31,31.186856
-47.37,18,31.398379
-45.0,27,31.688821
-42.0,26,31.953574
-44.57,24,32.222903
-45.0,22,32.439764
-38.52,31,32.791891
-41.71,32,33.134126
-44.82,41,33.551116
-44.03,28,33.856776
-41.31,25,34.13536
-36.0,25,34.423928
-44.22,19,34.651185
-35.09,27,34.937719
-40.32,30,35.244739
-44.16,21,35.473713
34.858875,38,35.880279
-47.22,21,36.140085
-39.0,26,36.422489
-47.76,17,36.617103
-41.68,22,36.85983
-41.7,30,37.199024
-44.71,26,37.47064
-41.5,25,37.701913
-42.0,32,38.045339
-38.81,25,38.308603
-45.0,23,38.55091
-44.68,19,38.750389
-35.51,40,39.180413
-41.76,36,39.559697
-41.18,33,39.898945
-37.9,28,40.923564
-44.91,25,41.281391
-44.94,25,41.651564
-41.71,26,41.925198
-42.0,20,42.137922
-41.22,32,42.49203
-36.0,33,42.853761
-44.05,16,43.031731
-38.31,28,43.30864
-34.78,32,43.662816
-43.12,38,44.062003
-44.84,23,44.565428
-32.25,38,44.968448
-41.82,31,45.28719
-38.81,27,45.576638
-44.46,24,45.824892
-32.29,32,46.167897
-36.87,28,46.463611
-41.08,26,46.734685
-42.71,40,47.178882
-36.0,34,47.532366
-38.58,34,47.914047
-44.81,25,48.188749
-40.21,28,48.47874
-47.21,16,48.653832
-38.36,28,48.944832
-44.87,33,49.324415
-41.3,34,49.671711
-40.97,28,49.988235
-35.29,41,50.433389
-38.24,25,50.703782
-38.71,24,51.664839
-43.72,29,51.982004
-35.46,34,52.333688
-37.74,38,52.737296
-35.46,34,53.12654
-41.73,36,53.493767
-41.76,38,53.911871
-43.39,26,54.172368
-41.82,28,54.461704
-45.0,26,54.752982
-41.76,27,55.047868
-38.19,31,55.362858
-40.52,29,55.687063
-43.55,21,55.907379
-41.76,29,56.21239
-41.18,26,56.492352
-38.64,26,56.766382
-41.16,28,57.058662
-41.26,29,57.36062
-42.0,29,57.680508
-42.0,30,58.001209
-44.67,28,58.311436
-35.61,36,58.651113
-47.74,30,58.979731
-38.38,34,59.335948
-44.12,23,59.587778
-38.45,24,59.845246
-41.41,28,60.157206
-42.0,23,60.449947
-38.36,25,61.14423
-38.71,28,61.442905
-41.77,23,61.68343
-32.52,37,62.059875
-44.61,34,62.401295
-40.02,22,62.652081
-35.89,32,63.001548
-44.32,23,63.309838
-41.87,24,63.579898
-44.46,23,63.799865
-44.57,24,64.070919
-41.61,25,64.352075
-44.7,21,64.588557
-38.15,30,64.900452
-35.62,84,65.796209
32.461538,29,66.089819
-47.03,13,66.230982
-38.05,34,66.605774
-47.02,16,66.784611
-47.07,16,66.961223
-47.29,35,67.320741
-41.34,22,67.561877
-41.41,25,67.84465
-39.0,25,68.086895
-41.4,33,68.448068
-47.04,20,68.647785
-39.0,33,69.029054
-39.0,23,69.445533
-44.9,26,69.737631
-32.76,33,70.105018
-41.98,28,70.413839
-43.21,25,70.669175
-39.0,26,70.933032
-40.58,24,71.198067
-44.73,36,71.614404
-37.23,25,71.873199
-42.0,20,72.078562
-41.8,42,72.574146
-41.92,33,72.99331
-41.52,23,73.236346
-41.5,29,74.437903
-38.58,37,74.948491
-38.49,25,75.289831
-36.0,27,75.661355
-41.33,30,76.057898
-41.01,23,76.350793
-41.5,27,76.71731
-42.0,28,77.039445
-44.64,29,77.36268
-39.0,21,77.592347
-44.25,16,77.782036
-35.43,36,78.464025
-41.08,25,78.742142
-45.0,32,79.107773
-41.44,34,79.473511
-41.79,25,79.722296
-35.68,36,80.126026
-44.03,20,80.360956
-42.0,22,80.582963
-32.17,29,80.876101
-44.79,22,81.126908
-41.92,26,81.424791
-44.45,21,81.676293
-42.0,25,81.972513
-41.03,21,82.20285
-32.14,34,82.711667
-41.5,30,83.05263
-41.33,30,83.348339
-38.51,25,83.642479
-47.44,19,83.837742
32.891228,39,84.267959
-38.22,39,84.677678
-38.61,28,84.974448
-32.23,38,85.369908
-35.61,46,85.873785
-35.86,30,86.202751
-35.9,29,86.506096
-43.77,27,86.79041
-41.99,26,87.050361
-36.0,28,87.349857
-40.73,59,87.974922
-38.46,34,88.349753
-39.0,28,88.634247
-37.66,28,88.95492
-35.61,33,89.34587
-38.22,31,89.703754
-42.0,24,89.955745
-38.1,21,90.187751
-38.56,31,90.567156
-38.45,26,90.841089
-32.6,35,91.250478
-41.25,27,91.539507
-37.66,32,91.887873
-35.84,28,92.16449
-38.7,35,92.547798
-44.28,26,92.842082
-41.69,23,93.087827
-41.53,27,93.453066
-42.0,25,93.729729
-37.89,43,94.18754
-42.0,19,94.385754
-35.48,33,94.728466
-41.64,25,94.993907
-44.37,35,95.370309
-41.72,30,95.678803
-38.56,32,96.055388
-43.15,28,96.37103
-43.52,21,96.590565
-44.67,18,96.789795
-40.63,31,97.111467
-44.34,22,97.356049
-32.18,28,97.651508
-38.3,36,98.202432
-39.0,20,98.435984
-35.58,37,98.945051
-32.81,33,99.292766
-36.0,25,99.556742
-41.58,21,99.806553
-32.37,30,100.125268
-43.4,24,100.393682
32.164179,42,100.84958
-42.74,21,101.066792
-40.56,19,101.280662
-38.62,23,101.526276
-37.82,28,101.835821
-48.0,25,102.116294
-44.64,16,102.302011
-44.85,20,102.521096
-35.91,41,102.961188
-38.82,25,103.240187
-41.51,25,103.516016
-37.67,40,103.93416
-32.06,37,104.322985
-41.79,29,104.634131
-38.92,26,104.92731
-42.0,36,105.310317
-39.0,37,105.709855
-44.59,24,105.9745
-38.79,29,106.292378
-44.15,23,106.548685
-38.11,39,106.961899
-38.91,42,107.418255
-38.19,33,107.777195
-37.75,36,108.187451
-38.7,30,108.50717
-41.5,32,108.90751
-35.17,34,109.316194
-41.7,26,109.637289
-37.81,35,110.088635
-32.82,38,110.569108
-37.08,29,110.914951
-41.27,32,111.334718
-41.54,24,111.6086
-38.45,23,111.872054
-41.47,32,112.244184
-41.09,26,112.56148
-41.52,38,112.994035
-38.21,20,113.227655
36.716156,33,113.566608
-47.69,15,113.731424
-40.99,19,113.945081
-32.76,47,114.441571
-44.39,18,114.665184
-32.16,33,115.097678
-35.11,39,115.514814
-35.88,34,115.875422
-45.0,23,116.145035
35.329471,50,116.723737
-32.77,37,117.102367
-38.77,27,117.412155
-35.81,33,117.75017
-44.47,21,117.981979
-35.94,24,118.245763
-35.55,45,118.741471
-44.1,21,118.971677
-38.31,32,119.295971
-36.0,34,119.676488
-35.49,29,120.0192
-32.84,34,120.372923
-44.12,19,120.566364
-40.07,25,120.825821
-35.31,41,121.28356
-40.67,31,121.622638
-45.01,21,121.851947
-45.0,22,122.100424
-32.2,36,122.875558
-41.38,29,123.172618
-37.74,24,123.431654
-40.92,28,123.73264
-35.52,38,124.126542
-38.5,33,124.49068
34.144411,38,124.90552
-42.0,25,125.185212
32.358268,36,125.57737
-47.41,20,125.867668
-37.81,51,126.56071
-42.0,28,126.88711
-44.99,21,127.091446
-41.79,23,127.338513
-36.0,29,127.66102
-40.53,23,127.90891
-38.01,44,128.39828
-41.38,20,128.611265
-41.17,25,128.894621
-41.5,38,129.298154
-38.45,46,129.81558
-38.43,30,130.230672
-46.83,22,130.479213
-41.1,26,130.759434
-39.0,32,131.099005
-41.69,26,131.377171
-44.08,22,131.609778
-40.77,27,131.900688
-41.95,27,132.190221
-37.73,25,132.477517
33.0,41,132.956706
-38.52,26,133.230965
-44.41,22,133.492681
-44.57,24,133.766295
-41.24,35,134.393401
-44.91,24,134.671951
-44.01,26,134.971561
-32.75,32,135.334746
-38.83,27,135.648777
-32.05,40,136.102305
-38.88,26,136.427171
-38.37,34,136.840519
-41.72,21,137.068524
-39.0,29,137.390028
-38.35,21,137.636869
-40.84,31,137.951787
-41.31,24,138.222584
-42.95,33,138.591715
-44.24,17,138.781777
-32.15,47,139.329956
-42.0,26,139.827221
-44.68,16,140.027009
-38.41,30,140.407811
-38.94,40,140.880518
-38.1,20,141.161544
-41.49,31,141.514269
-36.0,30,141.861973
-39.0,21,142.11043
-35.19,22,142.389336
-40.98,28,142.723001
-37.83,32,143.106457
-33.0,29,143.423481
-47.68,19,143.652794
-44.25,22,143.901199
32.486486,27,144.219009
-39.0,29,144.566309
-39.0,30,144.916701
-39.0,34,145.360135
-38.41,23,145.656723
-39.0,27,145.992224
-41.59,47,146.569748
-39.0,24,146.878088
-38.71,34,147.273756
-41.01,71,148.151725
-32.83,36,148.57889
-35.85,36,149.117168
-44.83,23,149.409975
-39.0,27,149.744448
-41.6,23,150.019194
-41.4,88,151.10583
-39.0,30,151.47731
-39.0,20,151.731911
-42.0,19,151.960083
-45.0,25,152.247233
-39.0,25,152.541981
-38.86,26,152.828063
-35.39,54,153.467987
-38.83,27,153.824745
-41.25,28,154.175857
-47.46,26,154.516694
-38.96,34,154.989544
-41.09,28,155.450906
-41.87,25,155.833426
-41.4,21,156.254138
-35.36,25,156.546129
-33.0,37,157.010509
-40.3,25,157.335492
-38.91,25,157.634293
-41.22,27,157.94992
-40.97,32,158.345156
-36.0,39,158.806084
-35.62,32,159.183529
-44.75,24,159.46541
-39.75,28,159.795952
-38.73,36,160.2073
-41.67,23,160.478988
-40.93,25,160.796247
-41.22,25,161.119061
-42.87,42,161.606178
-38.07,31,161.984459
-41.32,24,162.273149
-37.96,20,162.533075
-38.55,28,162.885649
-38.22,27,163.232188
-44.56,18,163.439695
-39.0,28,163.748948
-32.5,30,164.106897
-41.51,35,164.681356
-46.4,25,164.968782
-44.06,24,165.237168
-35.84,27,165.540954
-39.0,25,165.82917
-47.69,14,165.996114
-45.23,19,166.216814
-41.52,27,166.531851
-32.34,41,167.089674
-44.52,20,167.306073
-35.92,25,167.571617
-42.0,31,167.921399
-38.47,31,168.256162
-44.77,25,168.522075
-38.22,22,168.781191
-44.15,23,169.035334
-47.26,14,169.19623
-38.76,30,169.529794
-34.6,33,169.894649
-41.16,17,170.086085
-37.75,24,170.367615
-33.0,31,170.732673
-44.21,26,171.031699
-38.27,33,171.401213
-41.62,27,171.719266
-38.43,20,171.931115
-40.56,30,172.26509
-38.14,22,172.517657
32.355301,79,173.396267
-45.0,30,173.711533
-38.2,22,173.953494
-44.4,41,174.409445
-35.43,38,174.818546
-44.33,21,175.269002
-40.22,27,175.63064
-41.84,30,176.005877
-42.0,23,176.277299
-38.12,30,176.644053
-34.39,40,177.140645
-37.14,30,177.578494
-35.31,25,178.03543
-35.9,33,178.37678
-32.69,30,178.699358
-37.53,32,179.055265
-45.0,22,179.320971
-35.8,27,179.615486
-41.6,21,179.835052
-38.51,25,180.12597
30.0,40,180.563849
-43.17,29,180.879987
-35.97,28,181.17537
-38.15,25,181.464762
-37.78,62,182.124775
-41.9,25,182.416819
-43.53,22,182.661037
-32.97,31,182.997589
-45.0,21,183.224138
-37.16,38,183.635345
-35.21,23,183.863969
-39.0,26,184.146156
35.067172,28,184.618463
-41.49,27,184.915734
39.337551,33,185.290852
39.331561,38,185.691603
-38.05,29,186.006234
-35.39,30,186.334618
-32.35,36,186.72372
-34.62,32,187.076655
-35.43,30,187.429847
-35.54,28,187.728507
-41.71,29,188.059986
-44.87,29,188.395678
-46.67,22,188.632707
-36.0,28,188.940881
-38.19,33,189.30612
-41.37,34,189.673598
-41.43,32,190.018252
-38.58,24,190.278306
-41.45,27,190.582728
-41.09,21,190.813059
32.29927,29,191.132374
-41.02,28,191.431778
-43.7,41,191.936188
-39.0,36,192.321656
-40.24,23,192.561996
-38.09,24,192.848784
-41.17,26,193.140185
-38.08,28,193.436523
-47.32,29,193.756656
-35.41,31,194.104798
-32.63,37,194.48593
-42.0,51,195.018945
-41.02,24,195.292456
-35.62,34,195.651999
-38.15,34,196.01766
-32.64,33,196.383081
-35.39,48,196.906348
-39.56,31,197.259417
-43.47,24,197.526232
-41.1,27,197.821586
-39.0,30,198.166219
-35.75,25,198.441098
-38.8,21,198.656049
-38.36,35,199.032177
-35.72,28,199.326139
-38.2,33,199.687495
-41.5,24,199.956303
-37.42,27,200.269293
-36.97,28,200.57018
-35.65,28,200.889257
-32.94,35,201.251754
-36.0,31,201.602532
-45.0,42,202.081759
-36.0,33,202.461197
-35.79,36,202.852447
-38.6,31,203.198671
40.216304,21,203.430182
-44.47,22,203.654298
-37.57,34,204.051634
-36.0,28,204.37051
-36.0,25,204.637478
34.966985,34,205.004607
-44.79,20,205.213556
-32.2,38,205.609864
-33.0,36,206.003259
-39.85,24,206.272189
-38.88,30,206.591393
32.003597,39,207.012486
-41.1,30,207.340287
33.0,44,207.796008
-36.0,30,208.23684
-37.81,29,208.552318
-38.73,28,208.860406
-39.0,23,209.299644
-44.08,21,209.537897
-38.67,32,209.877709
-38.7,30,210.195495
-38.02,25,210.490024
-41.57,20,210.702862
-35.11,26,210.998758
-35.81,23,211.255837
-37.48,31,211.873781
-36.0,25,212.298802
-36.0,28,212.599131
-41.91,41,213.061512
-47.29,34,213.450423
-38.46,27,213.747541
-33.0,33,214.105511
-38.77,39,214.547172
-38.37,22,214.797777
-38.37,29,215.126453
-32.79,30,215.462839
-35.55,25,215.729022
-38.08,20,215.980809
-41.88,27,216.28985
-39.0,25,216.558333
-35.56,26,216.841258
-41.16,22,217.103283
-46.41,23,217.347678
-35.24,33,217.716261
-38.55,33,218.088571
-41.17,28,218.39302
-44.13,24,218.653941
-42.0,20,218.879879
-40.84,23,219.158995
-32.63,33,219.564756
-41.5,19,219.794896
-35.2,27,220.085587
-40.79,33,220.468405
-41.23,24,220.737055
-38.98,34,221.104915
-37.7,29,221.425409
-41.61,27,221.728392
-34.25,37,222.134711
-35.24,20,222.364581
-35.71,30,222.672801
-32.98,28,222.976467
-44.5,25,223.258596
-41.77,23,223.516729
32.203791,35,223.915216
-38.05,26,224.388562
-41.61,27,224.696217
-47.26,37,225.098192
-41.41,23,225.351502
-32.53,34,225.717382
-41.06,28,226.023249
-42.0,24,226.298406
-41.33,28,226.613279
-43.12,26,226.92009
-38.75,27,227.209243
-41.47,30,227.515219
-35.76,24,227.784823
-39.0,28,228.087814
36.51603,29,228.480167
-38.39,22,228.730568
-33.0,31,229.034046
-35.03,32,229.395366
-36.0,36,229.776856
-38.05,27,230.05186
47.592857,13,230.198065
-35.39,29,230.507341
32.295775,28,230.830372
-42.0,23,231.062232
-36.0,23,231.35513
-35.93,30,231.680181
-38.86,37,232.081531
-43.74,18,232.299459
-35.74,29,232.609894
-35.94,34,232.983087
35.169675,33,233.367247
-38.8,22,233.616133
-47.15,21,233.853856
35.241539,28,234.154733
-38.5,30,234.480948
32.009346,24,234.758278
-38.76,24,235.043859
-35.31,26,235.320084
-39.0,34,235.693982
-38.81,28,235.997288
-38.1,38,236.428995
-41.17,24,236.685747
-38.5,28,237.002063
-33.0,29,237.32008
-32.91,39,237.742106
-44.41,18,237.948637
42.850521,24,238.218112
-41.8,23,238.453987
-41.55,39,238.906754
-32.52,33,239.258932
-45.0,21,239.639516
-35.41,35,240.080944
-30.0,33,240.541948
-41.68,23,240.813674
-42.0,42,241.249932
-35.42,43,241.747688
32.617021,34,242.119654
-35.59,29,242.42486
-35.8,23,242.681732
-40.4,22,242.946183
-35.32,37,243.336292
-38.37,30,243.671634
-38.46,29,243.995253
-35.9,28,244.306431
-37.58,39,244.842446
-35.56,29,245.15636
-44.45,21,245.390576
-44.71,20,245.625342
-35.01,26,245.910692
35.982014,20,246.12664
35.451128,38,246.528476
-38.64,34,246.907808
-35.86,38,247.338315
-39.0,22,247.568967
32.182663,43,248.05475
-41.1,22,248.307154
-44.64,34,248.702968
-35.51,22,248.927279
-37.29,35,249.322904
-44.59,24,249.570588
-40.64,23,249.835036
-37.66,23,250.084686
-43.57,20,250.320059
-43.66,19,250.514542
-40.47,20,250.732681
32.029412,36,251.147454
-36.0,27,251.643243
-40.55,35,252.045799
-35.24,30,252.376415
-38.54,23,252.621389
-33.0,30,252.957125
-47.14,26,253.260622
-32.58,28,253.563917
-38.16,23,253.812508
-35.4,26,254.107445
-36.0,31,254.45421
-37.52,32,254.808052
-42.0,34,255.21351
-38.57,27,255.511148
-35.43,28,255.817115
-38.13,44,256.335394
-32.07,31,256.674557
34.910175,35,257.161576
36.0,23,257.431071
-35.99,34,257.801181
32.124611,36,258.196989
-38.64,19,258.397573
-35.71,23,258.66905
40.378934,25,258.96692
-38.63,26,259.255523
-38.71,26,259.525484
-35.25,31,259.89655
-38.57,25,260.177099
-32.1,34,260.550207
-38.25,31,260.90251
-36.0,27,261.20846
-41.04,24,261.457675
-35.33,37,261.881297
32.728814,23,262.135845
-35.46,31,262.502384
-38.28,33,262.916384
-36.0,25,263.206333
-39.0,27,263.524418
-41.46,32,263.885188
-47.07,24,264.153387
32.416667,42,264.625361
-35.91,23,264.873802
-35.26,31,265.196891
-38.46,24,265.452342
-33.0,29,265.777988
-41.71,21,266.015597
-35.66,32,266.371464
-41.31,25,266.645034
-35.18,25,266.933924
-38.03,25,267.2342
-37.71,32,267.754486
-44.49,32,268.087665
-35.55,29,268.400254
-35.49,28,268.711671
32.052265,22,268.959824
-35.64,25,269.242254
-41.45,27,269.542805
-32.78,40,269.980531
-33.0,31,270.337436
32.203774,38,270.891117
-38.02,23,271.153967
-35.52,24,271.408274
35.262039,81,272.311365
-39.0,29,272.619124
-34.8,27,272.956437
33.817827,36,273.418497
-41.68,16,273.600607
31.792857,34,274.008155
-44.11,26,274.303597
-31.79,30,274.615754
-45.0,19,274.829834
-35.55,36,275.219359
-35.26,28,275.536568
-38.65,86,276.550173
-38.94,28,276.873161
-38.2,30,277.219104
-38.68,30,277.544619
-38.44,37,277.963537
-34.65,26,278.25675
-35.51,29,278.643533
-34.5,30,278.95136
-35.9,31,279.295857
-32.99,46,279.790361
-35.11,24,280.057913
-43.08,33,280.409409
-37.71,33,280.77596
35.678715,34,281.148406
-39.0,27,281.432074
-35.32,29,281.768424
-44.6,26,282.054466
-34.83,31,282.374624
-47.35,25,282.648179
-39.0,24,282.91309
-44.03,37,283.316607
-38.03,23,283.579476
-42.0,28,283.882292
-32.8,34,284.379888
-43.76,23,284.656507
-35.16,25,284.931717
-41.51,29,285.264632
-45.0,21,285.506327
-34.58,27,285.791682
-38.45,24,286.080034
-32.08,29,286.392218
-38.76,31,286.712238
-38.04,28,287.004677
-41.26,22,287.25576
-37.38,24,287.527721
-40.47,26,287.802975
-41.79,18,287.990572
-38.63,25,288.292716
-33.0,41,288.704753
-36.0,21,288.928618
-36.0,86,289.855394
-36.0,23,290.10878
-40.86,50,290.66577
-39.0,29,290.980772
-35.2,28,291.244687
-44.8,20,291.460537
-41.5,26,291.751848
-35.2,29,292.074876
-41.24,24,292.338974
-41.76,22,292.578543
-39.34,30,292.906874
-38.2,32,293.261301
-32.42,29,293.577591
-33.0,27,293.88628
-38.0,20,294.09242
32.255014,26,294.386935
-35.4,32,294.737262
-37.96,31,295.076992
37.890215,39,295.656438
-35.1,29,296.002652
-35.25,30,296.32103
-38.28,25,296.595332
-37.73,30,296.925809
-41.16,23,297.200368
-38.4,30,297.51269
-35.58,29,297.831778
32.806723,22,298.099958
-35.85,24,298.37995
-32.88,29,298.674152
-41.91,22,298.923485
-41.7,20,299.1471
-38.23,26,299.426162
-37.89,29,299.748637
37.505253,30,300.081894
-35.56,31,300.440532
-35.25,27,300.751381
-35.44,25,301.036612
-39.0,24,301.304141
-42.0,26,301.592919
-35.49,23,301.827529
-43.74,31,302.184045
-38.74,36,302.594907
-35.7,27,302.889111
-38.0,28,303.202285
-37.79,27,303.496753
-36.0,28,303.806749
-38.71,36,304.20361
-32.64,36,304.624406
-41.17,37,305.073069
-38.27,27,305.438222
-39.0,35,305.815436
-41.91,31,306.635648
-38.71,31,306.979172
-38.93,35,307.434121
-39.0,23,307.690167
31.672932,83,308.566837
-38.56,25,308.829473
-35.12,23,309.096122
-38.24,25,309.364439
-47.36,39,309.816861
-44.07,23,310.057088
-41.1,21,310.287313
-32.55,39,310.721904
-40.54,26,310.99163
-40.9,24,311.248945
-35.44,28,311.904915
-36.0,30,312.25435
-44.32,18,312.45011
-41.91,23,312.917659
-47.59,22,313.162118
37.76555,23,313.424809
-41.57,39,313.84069
-32.29,23,314.101556
-41.74,25,314.406002
-38.57,20,314.634468
35.278146,27,314.936796
-45.0,38,315.354072
-38.42,26,315.642271
-41.44,21,315.880681
-38.68,28,316.172605
-38.14,42,316.645172
-35.01,28,316.944036
-34.59,22,317.193537
-33.0,30,317.508335
-35.13,33,317.837221
32.188552,26,318.202669
-35.34,28,318.50342
-38.52,26,318.805087
-38.12,30,319.150044
34.109512,30,319.483628
-35.55,23,319.725986
-33.0,31,320.060688
-38.28,19,320.264912
33.0,30,320.605564
-33.0,29,320.923214
-38.51,26,321.215232
-32.8,53,321.80681
-44.38,22,322.045131
-35.04,24,323.684046
-41.06,37,324.087225
-38.04,22,324.322171
-38.57,35,324.709355
35.119205,26,324.996635
-32.42,33,325.322123
-36.0,35,325.82136
-41.55,27,326.207307
-37.67,21,326.424577
34.630122,44,326.932963
37.610723,36,327.296451
-35.37,42,327.760562
-37.89,35,328.135552
-35.75,27,328.43255
-44.43,28,328.762187
-44.18,25,329.155504
-38.51,31,329.505383
35.204748,25,329.746295
-41.65,18,329.9481
-44.45,63,330.65202
-42.0,71,331.416846
-38.58,32,331.776843
-37.62,33,332.206745
-40.92,21,332.42066
-33.0,26,332.703254
-35.14,32,333.068264
-47.32,20,333.308761
-44.63,21,333.541894
32.11245,27,333.893777
-32.78,32,334.249657
35.98675,36,334.672906
-32.65,43,335.131315
32.122302,27,335.425203
-38.59,27,335.719223
-39.0,27,336.106723
-47.17,21,336.334771
-39.0,28,336.620668
-44.81,26,336.921455
-35.81,29,337.405507
-40.76,25,337.685665
-43.82,43,338.160335
-38.51,21,338.386114
-44.16,22,338.643867
-38.02,23,338.890993
-35.91,32,339.267013
-41.11,29,339.578536
-38.33,28,339.884045
-41.19,29,340.22498
-39.0,25,340.504163
-37.96,31,340.824833
-47.48,29,341.168813
-35.29,39,341.736284
-41.03,20,341.954721
-37.54,33,342.299885
-33.0,29,342.600314
-47.52,28,342.92074
-43.82,22,343.163642
-41.12,25,343.457869
32.75089,28,343.762814
-41.1,50,344.329772
-34.63,36,344.718452
-38.09,37,345.124761
-35.73,28,345.442615
-44.56,22,345.670323
-43.38,32,346.032255
-36.0,38,346.465662
-37.88,24,346.702232
-44.06,25,346.980582
-44.58,20,347.199655
-40.69,34,347.583514
-40.34,27,347.889404
-32.1,31,348.229314
-41.84,30,348.568401
32.0625,33,348.934853
-32.88,34,349.333777
-38.7,28,349.732948
-41.58,23,350.027841
-47.94,24,350.268778
-41.71,20,350.487711
-38.33,25,351.088572
-40.62,23,351.360459
-38.77,54,351.951139
-46.63,31,352.292341
-45.0,31,352.625838
-44.05,17,352.828926
-41.11,25,353.084824
-42.0,31,353.45385
-38.14,25,353.720482
-41.23,23,354.047549
-36.0,24,354.431302
-41.42,29,354.780169
-41.46,24,355.060562
-32.63,27,355.363912
-32.88,43,355.826358
-35.53,32,356.189238
-37.88,23,356.517622
-38.44,23,356.76217
-41.88,31,357.102462
-39.0,23,357.367996
-37.88,26,357.641336
-35.26,28,357.9485
-32.08,38,358.382819
-44.69,20,358.614165
-34.52,73,359.421011
-41.76,26,359.732463
-47.08,18,359.972991
-35.91,30,360.291808
-38.83,27,360.586305
-41.12,25,360.878843
-44.15,28,361.180573
-41.54,36,361.569443
-41.91,23,361.796732
-47.51,30,362.131337
-38.98,24,362.418731
-41.91,25,362.696362
-38.12,33,363.091225
-44.41,21,363.34532
-37.75,25,363.615492
-38.17,31,363.973302
-41.82,23,364.200036
-44.44,27,364.481765
-35.74,26,364.764905
-35.72,39,365.180352
-47.73,60,365.848996
-44.0,30,366.189339
-38.77,28,366.490535
-35.65,26,366.761525
-36.0,25,367.044495
-39.0,28,367.406435
-35.36,36,367.817792
-41.58,24,368.109961
-43.7,25,368.360927
-35.63,30,368.689156
-47.07,17,368.855734
-39.0,36,369.252221
-35.59,30,369.610934
-38.48,18,369.793305
-42.0,26,370.096958
-40.81,22,370.343763
-47.16,27,370.649596
-41.5,29,370.97726
-33.0,41,371.435409
-42.68,20,371.654683
34.974708,66,372.406032
-41.18,18,372.601072
-41.81,25,372.959188
-32.81,30,373.291059
-41.83,20,373.533953
-46.81,23,373.801868
-39.0,36,374.211063
-38.8,23,374.45281
-42.68,51,375.014601
-39.0,23,375.287883
-41.02,21,375.546129
-42.0,25,375.833576
-38.48,27,376.116348
-34.95,36,376.514039
-35.75,28,376.813597
-43.6,23,377.086025
-38.73,30,377.404633
-39.76,24,377.666476
-33.0,31,378.010969
-41.14,35,378.396898
-38.52,23,378.648027
-32.37,32,379.005755
-32.31,27,379.427253
-42.0,29,379.798318
32.076364,26,380.107208
-41.83,20,380.340095
-35.24,33,380.672662
-44.59,26,380.958086
-35.84,27,381.231851
-36.0,30,381.649391
-35.35,33,382.154911
-38.64,31,382.490346
-41.25,22,382.726985
-41.81,39,383.150461
-38.59,28,383.442611
-43.16,20,383.669807
-35.52,34,384.064517
-39.0,25,384.333126
-32.38,32,384.672147
-35.72,25,384.926452
-37.91,42,385.411261
-35.4,32,385.777373
-36.0,30,386.099868
-41.2,29,386.435617
38.553301,29,386.72315
-33.0,26,387.006303
-44.38,34,387.389249
-36.0,38,388.241188
-41.15,35,388.60647
-38.65,31,388.954705
-40.56,27,389.263833
-32.5,56,389.880362
-38.6,36,390.308945
-40.67,34,390.841527
-42.0,35,391.243184
-41.88,27,391.540449
-38.66,25,391.829387
-41.01,26,392.123733
-40.86,25,392.380541
-44.9,33,392.754784
-47.35,19,392.954404
-36.0,26,393.278543
-40.94,37,393.681301
-40.34,20,393.896728
-46.78,28,394.188767
-42.6,23,394.448106
36.0,28,394.752847
-38.2,37,395.160117
-38.06,27,395.44876
-35.59,58,396.120533
-40.55,26,396.402813
-37.6,41,396.850434
-39.0,40,397.372744
32.027237,43,397.833346
-38.06,22,398.093221
-41.09,23,398.361089
-44.5,19,398.646323
35.307087,27,398.921185
-40.92,35,399.330858
-35.27,38,399.729421
-40.2,40,400.182353
32.411321,37,400.589378
-41.74,36,400.982629
-38.25,21,401.218596
-33.0,42,401.674058
-34.7,27,401.967993
-35.74,28,402.295042
-37.62,28,402.62802
-47.38,28,402.938231
-38.48,22,403.161779
-37.25,32,403.528779
-38.86,52,404.099116
-43.59,31,404.427367
-38.39,33,404.795533
-38.47,27,405.083961
-32.93,24,405.361472
-35.63,43,405.876908
-32.76,40,406.327573
-41.33,21,406.560873
-44.19,17,406.744745
-38.77,32,407.105343
-41.58,18,407.317965
-38.37,30,407.622953
34.623506,28,407.957416
-47.22,26,408.211766
-44.91,35,408.620707
-32.44,29,408.914597
-39.22,29,409.249633
-38.28,24,409.522063
-43.82,20,409.745082
-39.0,64,410.634543
-35.5,30,410.960956
35.257282,23,411.206131
-41.36,24,411.485311
32.050781,33,411.866193
-41.91,26,412.156333
-35.86,28,412.458507
-36.0,29,412.816683
-32.43,28,413.101517
-41.58,30,413.428166
-41.08,24,413.714866
-32.68,34,414.081382
-35.91,34,414.444458
-35.07,28,414.766611
-41.37,19,414.984283
-45.0,22,415.219383
-36.0,30,415.542574
-38.79,59,416.187025
32.040984,30,416.586435
-38.7,30,416.905205
-38.93,47,417.431834
-41.34,33,417.816561
-38.02,29,418.117739
-34.61,65,418.838823
-39.0,19,419.065522
-39.0,27,419.355309
-42.0,25,419.648201
-32.71,60,420.315093
-45.0,22,420.641363
-38.19,59,421.294415
-35.01,22,421.532193
-41.62,26,421.830444
-39.0,24,422.096867
-38.63,24,422.34581
-45.0,23,422.597547
-35.83,29,422.921574
-38.0,45,423.413277
-39.0,24,423.689799
32.654206,24,423.957946
-35.54,45,424.469854
-43.42,34,424.830465
32.291498,36,425.238659
-35.29,29,425.560418
32.060897,28,425.857779
-38.68,21,426.100059
-38.44,30,426.432701
-41.79,20,426.659312
-43.02,41,427.119624
-38.26,30,427.449581
35.487365,25,427.703929
-41.5,55,428.346072
-38.56,29,428.668947
-35.01,35,429.055209
-40.24,19,429.290552
-36.0,26,429.571821
-35.43,25,429.841765
-36.0,31,430.177849
-41.22,30,430.523236
-36.0,34,430.897847
-37.35,49,431.444135
-32.19,33,431.785008
33.0,51,432.332719
-38.28,25,432.605371
-35.07,28,432.927664
-32.34,30,433.269779
-41.66,34,433.652747
-38.47,38,434.050964
-42.0,22,434.292801
-43.97,35,434.692673
-41.36,52,435.37692
-42.0,43,435.856417
-34.99,29,436.159407
-45.0,42,436.642433
-41.31,22,436.897586
-32.49,31,437.227951
-34.65,41,437.870344
-35.34,26,438.157718
-35.38,28,438.467016
-38.93,53,439.657433
-38.22,25,439.931114
-33.0,38,440.329882
-38.8,61,441.023862
-40.73,28,441.370016
-47.35,25,441.648665
35.668942,30,441.989063
-43.6,25,442.260651
-41.57,41,442.681199
-38.6,32,443.034604
-42.0,26,443.331199
-38.42,35,443.778356
-39.0,29,444.08459
-41.16,28,444.385894
-39.0,21,444.652555
-36.0,25,444.932135
-39.0,24,445.889151
-35.2,75,446.735199
-35.4,37,447.111824
35.033746,28,447.408023
34.606036,59,448.043209
-32.41,47,448.548033
-41.1,20,448.77114
-41.91,39,449.249627
-41.17,22,449.500613
-36.0,40,449.964145
-33.0,24,450.208864
-39.62,30,450.660267
-44.15,21,450.897963
38.41433,19,451.100584
-38.52,26,451.40411
-38.91,20,451.621338
-35.68,28,451.930179
34.550399,23,452.176621
-37.11,35,452.547126
-35.1,30,452.867097
-36.0,52,453.495404
-41.39,28,453.798348
-32.04,31,454.128469
-42.91,28,454.435551
-44.14,22,454.779332
-40.55,31,455.140095
-38.17,25,455.405716
-47.53,24,455.671513
-45.0,20,455.875867
42.464769,19,456.116193
-44.2,19,456.320475
-38.51,31,456.671278
-41.52,42,457.1712
-35.79,24,457.417077
-35.23,29,457.742636
-32.21,37,458.138997
-44.08,24,458.408657
-41.33,24,458.716456
-41.46,36,459.096175
-40.77,22,459.34408
-40.34,27,459.622843
-38.14,25,459.907942
-37.54,29,460.228248
-36.0,31,460.563667
-38.91,29,460.859754
-47.1,32,461.217609
32.125461,40,461.659937
-44.71,20,461.876288
32.095092,39,462.335633
-35.42,23,462.59977
-38.47,29,462.906507
-35.5,24,463.172567
-41.41,29,463.481141
-36.0,27,463.771161
-39.0,19,463.980577
-38.86,45,464.552801
-32.7,47,465.058329
-38.37,29,465.474974
-35.01,27,465.766478
-36.0,22,465.984914
-39.0,34,466.530484
-38.31,28,467.071466
-38.34,27,467.396731
-35.03,36,467.825124
-39.0,30,468.148933
-35.1,27,468.427794
-35.68,35,468.807776
-38.31,24,469.081913
-36.0,34,469.539194
-38.32,27,469.837313
-35.91,27,470.14844
-40.02,24,470.429695
-41.22,26,470.7685
-38.19,26,471.075512
-35.58,31,471.420692
-37.69,53,472.018187
-38.41,47,472.53331
32.184314,26,472.810101
-35.25,27,473.118206
-44.18,19,473.307298
-38.34,29,473.614614
-40.63,22,473.858339
-38.01,27,474.167609
-35.41,24,474.42815
-39.0,18,474.615657
-35.4,22,474.835738
-42.0,77,475.754352
-44.7,25,476.026597
35.389355,34,476.391889
-38.23,29,476.715122
-44.35,26,476.992976
-35.94,41,477.441594
-41.4,43,477.921142
-37.92,23,478.164363
-40.66,37,478.594001
-40.47,27,478.874223
-38.21,24,479.14434
-41.53,30,479.478422
-41.88,33,479.831265
-36.0,29,480.144993
-42.0,26,480.453068
-35.22,40,480.887554
-32.19,36,481.282577
-41.56,23,481.548231
-33.0,31,481.888934
-35.58,39,482.332322
-41.64,34,482.690232
-40.58,34,483.078006
-44.43,30,483.42176
-41.38,26,484.99531
-33.0,44,485.462204
-41.68,24,485.725933
-31.74,49,486.372621
-37.9,36,486.776006
-42.0,24,487.025343
-38.69,21,487.246627
35.648208,39,487.70071
-36.0,24,487.973793
-38.13,25,488.243424
-35.23,28,488.562916
-32.47,108,489.730768
-41.82,26,490.20823
-41.2,25,490.483992
-38.39,36,490.891982
-35.73,40,491.542835
35.8,21,491.773076
-35.32,40,492.227038
-35.01,27,492.524458
-35.78,21,492.817467
-38.52,26,493.096344
34.181674,44,493.570918
-42.0,32,493.919473
35.123529,23,494.179078
-41.12,40,494.608598
-41.65,25,494.877843
-38.76,26,495.174825
-44.5,44,495.834531
-37.84,30,496.160134
-38.44,26,496.465081
-40.85,31,496.814083
-43.73,25,497.085549
33.712177,42,497.539058
-35.5,32,497.887391
-38.07,27,498.183698
-41.91,40,498.62334
-36.88,30,498.966089
-39.0,23,499.217051
-32.48,34,499.579023
-35.51,27,499.876191
34.427672,32,500.245465
-32.62,29,500.55329
-34.77,25,500.829757
-41.51,20,501.041412
35.181208,28,501.333561
-39.0,22,501.559642
36.0,24,501.856854
-38.23,24,502.11364
-35.79,25,502.391987
-36.0,27,502.697047
-41.66,28,502.976025
30.0,30,503.297407
34.541755,35,503.687032
-42.0,22,503.931615
-45.0,20,504.147663
-45.0,20,504.386649
-41.91,49,504.921855
-35.91,61,505.563131
-38.41,26,505.852926
37.464229,31,506.19201
-36.0,26,506.479067
-40.62,22,506.735773
-37.55,39,507.153851
32.37931,33,507.504442
-38.9,38,507.917707
-38.54,36,508.319168
-32.06,34,508.671777
-35.91,25,508.927487
35.175676,65,509.711473
-33.0,32,510.078961
-42.0,36,510.470037
35.073339,32,510.846051
-44.27,28,511.159378
-44.55,22,511.38493
-35.53,42,511.841789
-41.22,32,512.200713
-38.89,24,512.455129
38.193182,22,512.716894
-37.67,28,513.034182
-35.07,24,513.287188
-40.72,26,513.590484
-32.55,32,513.928097
-41.54,25,514.201866
-38.71,23,514.46023
-32.4,36,514.833534
-41.43,19,515.047475
-38.4,35,515.430383
-32.88,33,515.791011
-36.0,24,516.039363
-35.39,25,516.324549
-38.12,26,516.585379
-38.24,23,516.828178
-38.02,29,517.151021
-43.84,20,517.370818
41.153133,35,517.746476
-32.44,29,518.071999
32.257576,58,518.701212
34.070653,73,519.482528
-39.0,29,519.820724
-39.0,28,520.25515
-35.39,56,520.86347
-41.14,31,521.199352
-41.03,24,521.830131
40.386397,27,522.151312
-35.62,31,522.648818
-36.0,28,522.957685
-38.11,30,523.298183
-35.35,34,523.67874
-35.21,24,523.957484
-37.88,24,524.213472
-35.11,29,524.529749
-35.49,27,524.853602
32.640741,29,525.160585
-39.0,36,525.5636
-41.6,25,525.846872
-37.54,38,526.281417
-41.74,21,526.51956
-38.47,32,526.894479
-35.45,24,527.172704
-42.0,29,527.476482
-38.34,25,527.753479
-39.0,24,528.014354
-35.7,38,528.442939
-38.76,33,528.794012
-38.7,38,529.185245
-40.84,26,529.457916
-38.42,33,529.826044
-35.29,23,530.072141
-39.0,24,530.358043
-38.46,38,530.781011
-38.15,23,531.032554
-41.05,20,531.263263
-40.65,32,531.628591
-38.7,41,532.066205
-32.13,28,532.347343
-44.46,30,532.68459
-38.52,32,533.036492
-38.76,28,533.366886
-41.62,26,533.65491
-41.28,23,533.950073
-37.53,26,534.224282
32.032967,64,534.938674
-38.62,32,535.309367
-40.93,45,535.819407
32.307692,32,536.173395
-42.0,21,536.407457
32.693182,33,536.780833
-32.68,34,537.14967
-37.61,31,537.502843
-35.5,25,538.324456
32.215328,31,538.660714
-41.73,28,538.962918
-44.81,32,539.300504
-39.0,24,539.571296
-44.3,29,539.881159
-39.0,65,540.606112
-37.95,25,540.888718
32.143939,30,541.205559
-41.61,25,541.489247
-35.19,33,541.90467
-35.52,23,542.163413
39.897455,38,542.608369
-35.91,31,542.934136
-45.0,31,543.433071
-41.79,27,543.738935
-41.37,24,544.013412
-41.71,18,544.200979
-35.88,37,544.616229
-39.0,25,544.904297
-41.62,28,545.193018
-41.63,29,545.529286
-32.11,29,545.847381
-35.9,35,546.228626
32.515748,40,546.653045
-36.0,22,546.90265
-38.52,42,547.460022
-38.4,23,547.691627
-35.13,43,548.171612
-41.92,22,548.410582
-32.7,31,548.750993
-36.0,27,549.632905
-38.56,43,550.193689
-38.09,43,550.782588
-35.61,31,551.15048
-41.2,31,551.500571
-36.0,35,551.882759
-41.44,38,552.314291
-32.82,32,552.659741
35.653708,56,553.267493
-38.41,37,553.672006
-35.09,30,553.973879
-41.44,23,554.244577
-35.77,20,554.483478
-32.34,34,554.861535
-41.43,26,555.146659
-41.28,27,555.436218
-31.82,28,555.741818
-38.15,30,556.054529
-41.26,33,556.43217
-32.26,33,556.796871
-35.76,31,557.121145
-44.42,71,557.91763
-38.38,26,558.212033
-32.5,32,558.561558
-38.54,28,558.859495
-44.06,32,559.198055
-32.85,38,559.632712
32.112727,28,559.930485
-38.73,36,560.346467
-39.0,42,560.789245
-38.01,24,561.041523
-38.46,31,561.372802
-41.18,21,561.617289
-35.25,31,561.938218
38.059062,31,562.264298
-32.4,32,562.631369
-32.14,45,563.127224
-41.44,34,563.614797
-38.51,27,563.928244
-38.52,31,564.252325
-32.39,28,564.561581
35.280788,26,564.855918
-38.6,69,565.609156
33.985832,26,565.924896
-40.61,25,566.197578
-44.45,74,566.982282
-37.67,33,567.343051
-38.17,29,567.6821
-33.0,32,568.029437
-40.81,48,568.502962
-36.0,26,568.797875
-33.0,35,569.194866
-37.68,31,569.525541
-38.4,30,569.863936
-38.42,28,570.171257
-41.24,21,570.409546
-47.17,27,570.704559
-35.31,34,571.092789
-35.83,27,571.399579
-44.91,43,572.045411
-38.28,27,572.375956
-41.68,24,572.630369
-41.24,18,572.823043
-35.12,35,573.221115
-35.89,22,573.447719
-35.39,40,573.897574
-39.0,23,574.147865
32.097473,32,574.568229
-35.24,42,575.038162
-36.0,28,575.353057
-35.47,32,575.719915
-35.67,38,576.139916
-42.0,80,577.109313
-35.95,50,577.683499
-42.0,27,577.982508
-43.63,26,578.273608
-38.64,32,578.629008
-43.9,33,578.976231
42.521186,23,579.24515
-38.39,25,579.524011
-41.42,27,579.808467
-42.0,25,580.095749
-33.0,29,580.412514
-38.77,34,580.784082
32.545752,28,581.093915
-47.07,21,581.336481
32.90106,28,581.684531
32.496269,52,582.269184
-36.0,89,583.219671
-35.36,27,583.543208
37.885001,24,583.786924
-41.01,28,584.10252
-37.62,23,584.3721
-36.0,23,584.628084
-32.16,40,585.059131
-42.0,31,585.407089
-35.25,27,585.698794
-38.16,29,586.006291
32.431818,39,586.459353
-41.29,25,586.719992
-41.6,27,587.018739
-37.78,24,587.301585
-36.0,26,587.566384
-41.19,30,587.868016
-32.78,36,588.252866
33.0,25,588.531359
-43.94,26,588.813847
-38.55,47,589.335295
-38.22,53,589.922616
-34.95,44,590.395925
-37.68,31,590.72508
-42.0,23,590.988915
32.171141,34,591.349884
-39.73,25,591.640917
-40.09,38,592.066536
35.588679,28,592.38155
-40.54,25,592.626228
-36.0,30,592.952
-42.0,34,593.359079
-36.0,32,593.738343
-32.88,28,594.051682
-41.86,26,594.328136
40.514981,32,594.693258
35.077612,22,594.920493
-38.91,21,595.15608
-44.39,20,595.363461
-38.18,27,595.662499
-38.57,29,595.977679
-42.0,23,596.235157
-41.04,24,596.480744
-42.0,35,596.85343
-31.77,36,597.280589
-38.43,34,597.657526
-36.0,29,597.958967
-39.76,22,598.207729
-39.0,27,598.498319
-38.8,68,599.212381
-35.88,20,599.440028
-41.13,33,599.79231
-41.28,19,599.999402
-35.31,32,600.354917
-38.31,19,600.560436
-35.46,30,600.915169
-38.5,39,601.339769
32.208333,75,602.194733
-41.25,23,602.624566
-36.0,24,602.886194
-35.7,50,603.451132
-33.0,45,603.930164
-39.0,35,604.308136
32.317568,32,604.653418
-41.64,24,604.904247
-38.07,26,605.184337
-38.81,20,605.420545
-41.05,27,605.71632
37.74391,48,606.258958
-37.52,32,606.600436
-40.85,28,606.916847
-35.22,29,607.268081
-38.55,24,607.542809
-45.66,32,607.902839
-38.04,28,608.207277
-34.6,29,608.525533
-41.45,31,608.859236
-42.0,23,609.139842
-34.81,36,609.515328
-41.54,19,609.71958
-32.64,43,610.19685
32.057377,32,610.558426
-44.3,51,611.096672
-38.81,26,611.379442
-35.85,32,611.728104
-33.0,30,612.067987
-38.07,25,612.357792
-39.0,30,612.707544
-37.76,28,613.005425
-35.69,22,613.218308
-32.42,29,613.527306
-35.77,26,613.807652
-42.0,20,614.037668
-42.0,30,614.375471
-41.76,26,614.673199
34.740861,29,614.988309
-32.69,98,616.38828
-38.6,42,616.929435
-37.75,47,617.48349
-35.44,42,617.93438
-38.2,19,618.124466
-35.9,26,618.419432
-38.68,34,618.778047
-41.02,32,619.149362
34.374544,28,619.438856
-41.45,30,619.748325
-47.33,24,620.04163
-32.84,49,620.557735
-38.79,26,620.885067
-39.0,25,621.169376
-41.5,23,621.40589
-35.64,27,621.698304
-34.54,30,622.021751
-32.53,28,622.322219
-43.61,24,622.605478
-35.46,29,622.91654
-38.8,20,623.143373
-35.68,34,623.499419
32.060606,32,623.863355
-42.0,22,624.109736
43.1393,19,624.315601
-41.45,29,624.63257
-44.64,21,624.866522
-35.48,27,625.176138
-46.1,23,625.438389
-38.33,26,625.715464
-38.13,41,626.167684
-36.0,24,626.438859
-32.53,29,626.77797
-41.13,22,627.008397
-42.83,27,627.311317
43.404013,22,627.553088
41.463983,23,627.811089
-41.71,31,628.314349
-36.0,30,628.646518
-42.0,32,629.009457
-32.27,31,629.351205
37.353475,37,629.776594
-32.52,38,630.175035
-38.87,27,630.489346
-44.21,19,630.695328
-42.89,36,631.088944
-36.0,22,631.331333
35.505435,40,631.775851
-41.71,24,632.038739
-41.36,24,632.294626
-35.14,33,632.689411
-38.28,37,633.083642
-35.44,32,633.428458
35.193228,54,633.992686
-38.04,34,634.341023
-38.91,33,634.723005
-36.0,28,635.031981
-37.52,30,635.365232
-44.53,25,635.635538
-38.02,23,635.894812
-37.32,21,636.116171
-47.01,34,636.517748
35.308475,25,636.797219
-44.66,30,637.11261
-41.9,35,637.487189
-45.0,22,637.733062
-38.63,25,638.001992
-32.89,22,638.254012
40.951132,50,638.800187
-35.51,29,639.110163
-38.35,29,639.446402
-32.59,27,639.73367
-35.5,31,640.068988
-41.81,20,640.287268
-39.0,24,640.554101
-39.0,28,640.85797
-38.44,32,641.196997
32.749186,33,641.54793
-45.0,34,641.932889
-38.06,32,642.292228
-38.88,27,642.583165
31.647482,36,642.967
-38.57,26,643.240156
-38.6,23,643.489899
-41.38,24,643.746982
-35.51,25,644.045348
-35.71,41,644.513129
-36.0,24,644.790251
-38.18,25,645.050543
-38.2,45,645.555658
-32.64,28,645.868795
-38.24,22,646.097566
-33.0,42,646.551543
-39.0,25,646.840886
-38.57,33,647.212867
-35.53,36,647.615393
-32.18,52,648.190525
-37.75,35,648.619259
-38.39,35,648.99334
-39.0,21,649.200837
-41.5,25,649.482739
-38.85,81,650.354848
-44.33,34,650.718719
-41.79,28,651.052517
-37.85,31,651.389979
-37.36,49,651.96596
-32.53,23,652.231684
-41.55,26,652.515558
-41.76,21,652.748074
-32.05,31,653.089987
-41.13,25,653.37852
-33.0,38,653.925947
-39.0,40,654.333195
-41.14,21,654.565955
-38.32,43,655.046405
-41.83,15,655.204326
-42.0,29,655.521621
-35.41,29,655.834385
-36.0,27,656.158477
-43.89,20,656.58896
-41.52,22,656.840764
-39.0,22,657.090307
-35.21,26,657.367111
-41.08,20,657.579442
-35.91,26,658.005891
-32.41,33,658.377556
34.752288,22,659.674357
-39.0,18,659.874963
-35.71,25,660.148787
-37.89,24,660.401148
-41.87,24,660.682533
32.684729,38,661.093593
-41.71,25,661.376305
39.0,28,661.685987
-36.0,30,662.012297
-41.23,19,662.234414
-36.0,37,662.628677
-35.8,28,662.931051
-38.08,31,663.265493
-38.24,26,663.549888
-38.16,28,663.846691
-38.73,70,664.607666
-32.52,33,664.957868
-38.43,37,665.347773
-32.04,43,665.837962
-40.32,23,666.079876
-38.35,23,666.322032
-34.78,25,666.615997
-35.91,29,666.930914
-33.0,32,667.270661
-40.83,20,667.499472
-35.44,28,667.795465
-36.0,25,668.069883
-41.64,24,668.393085
32.04947,29,668.762651
-34.57,23,669.064247
-38.06,30,669.453698
-41.62,23,669.762144
-45.0,19,670.015879
-38.17,24,670.322607
-45.0,26,670.636114
-32.57,30,670.979925
-39.0,27,671.281633
-39.94,27,671.569137
32.140845,31,671.893131
-47.05,16,672.080615
-38.02,34,672.453536
-33.0,24,672.719627
-41.54,19,672.933787
-37.95,34,673.312309
-46.65,47,673.916883
-32.44,43,674.43066
-41.35,24,674.700073
-32.35,33,675.151874
38.912879,37,675.618428
-46.37,24,675.891182
-38.28,25,676.163585
-42.0,18,676.37764
32.121076,32,676.764684
-36.0,41,677.210044
-45.0,22,677.457084
-32.03,34,677.838262
33.0,26,678.178563
-35.9,25,678.49849
-35.19,37,678.946724
-38.14,35,679.346533
-32.44,27,679.667572
-45.0,21,679.914848
-38.27,27,680.240801
-38.45,28,680.536601
-33.0,24,680.909167
-38.3,38,681.412446
-35.75,30,681.733171
-39.0,25,682.01317
-33.0,33,682.354297
-38.1,36,682.748134
-32.84,27,683.045669
-32.72,35,683.415688
-35.92,25,683.688036
-38.29,23,683.957788
-45.0,23,684.214947
34.81477,28,684.508143
34.395673,42,684.970865
-36.0,27,685.259574
-38.77,32,685.604126
-39.0,23,685.861547
-40.32,33,686.212227
32.271318,32,686.578674
-41.86,46,687.077145
-40.7,25,687.343477
-39.0,22,687.77594
-41.39,21,688.008797
-41.72,25,688.28949
-47.24,29,688.598565
-38.67,28,688.904351
-38.15,25,689.187263
-33.0,24,689.457535
-41.69,19,689.677043
-32.78,23,689.930552
-33.0,27,690.221971
-41.82,26,690.507489
-36.0,21,690.739789
32.023166,27,691.041386
-41.51,27,691.354589
-38.91,29,691.668906
-41.11,23,691.929649
-35.03,29,692.26981
-41.39,26,692.554959
-41.21,27,692.848078
-35.79,31,693.182397
-41.62,24,693.437952
-39.0,22,693.674552
-35.08,39,694.087674
35.90873,31,694.433977
33.0,25,694.696934
-41.64,26,694.989855
-41.53,24,695.280974
-38.52,28,695.601973
-33.0,34,695.985751
-35.47,47,696.501111
-35.1,25,696.771736
-35.1,26,697.049164
-38.64,26,698.260437
-44.98,25,699.068085
-33.0,26,699.426522
-38.56,31,699.798985
-47.76,23,700.062141
-42.0,34,700.418831
-44.01,19,700.652736
-35.64,26,700.927232
-42.0,26,701.219227
-38.37,33,701.564934
-41.81,32,701.941896
-42.0,23,702.185793
47.588477,15,702.369859
-37.64,23,702.60913
-38.38,23,702.869053
-41.88,37,703.266037
-32.8,25,703.538328
-39.0,31,703.851746
-41.82,25,704.135019
-41.35,27,704.429278
-38.6,31,704.755558
-38.68,23,704.996687
-41.74,21,705.224829
-35.23,33,705.592247
32.561338,25,705.845176
-42.0,24,706.113132
-38.46,31,706.442014
-36.0,25,706.707637
32.551724,38,707.11773
-41.26,20,707.418206
-41.48,32,707.856353
-42.0,34,708.222984
-47.73,31,708.565758
-37.9,28,708.895168
-35.59,28,709.191572
-34.92,27,709.485545
-39.0,32,709.837186
-35.51,26,710.109444
-36.0,26,710.398532
-38.14,35,710.776473
-44.43,40,711.215538
35.240318,30,711.567378
34.760138,57,712.21749
34.79345,35,712.619411
-44.19,23,712.863087
-41.04,21,713.113372
35.213483,33,713.520231
-42.0,103,714.625988
-41.77,28,714.940495
-37.87,23,715.198536
-33.0,26,715.496672
-33.0,37,715.891183
-47.72,22,716.153192
-36.0,24,716.398491
-32.86,88,717.38584
-38.64,25,717.648897
-41.41,23,717.914917
-41.27,18,718.113847
32.247148,38,718.537106
-41.2,27,718.827503
-35.24,27,719.122889
-41.42,23,719.386447
32.117647,27,719.690306
-32.05,35,720.085551
36.0,29,720.588152
-38.35,25,720.875731
-40.4,45,721.366792
-38.24,23,721.613613
-38.28,39,722.190854
-38.09,28,722.479963
-39.0,61,723.336291
35.256333,71,724.082224
-37.62,25,724.368789
-32.21,56,725.094301
-37.58,25,725.361893
-33.0,55,726.02434
38.251724,21,726.243091
-38.02,22,726.514066
-41.17,32,726.858586
-38.48,77,727.709028
-41.35,27,728.015202
-41.29,35,728.390707
-30.0,28,728.712653
-38.1,22,728.94977
33.0,39,729.377947
-35.84,42,729.893118
-39.0,26,730.169787
-38.63,25,730.4349
-35.79,32,730.793746
-41.4,38,731.206551
-38.28,28,731.491749
-41.37,26,731.81355
-38.06,20,732.030993
-41.76,23,732.298411
-35.66,29,732.603822
-36.0,26,732.883448
-39.0,24,733.144984
-38.6,33,733.620997
-37.36,67,734.394463
-41.6,24,734.668004
-32.86,27,734.960545
-38.42,19,735.156444
-39.0,24,735.414734
-38.65,26,735.706116
-38.05,44,736.168482
-34.39,34,736.55591
-44.82,23,736.798552
-32.52,30,737.167261
-35.46,21,737.390616
-41.27,21,737.636529
39.22959,23,737.89278
-39.0,20,738.137491
-44.07,19,738.363556
-44.19,23,738.602835
-41.92,23,738.855602
-38.4,32,739.227486
32.130031,32,739.585546
-35.52,27,739.879219
-41.59,25,740.150726
33.641809,35,740.526529
-33.0,34,740.899437
-41.19,23,741.157961
-47.35,16,741.346055
34.931015,32,741.692878
-39.0,28,742.01282
-38.35,28,742.316243
32.064777,32,742.666221
-38.27,24,742.916583
-45.0,21,743.147612
-41.01,20,743.365983
-38.16,32,743.734481
-38.8,45,744.219827
-41.86,30,744.539806
35.715278,24,744.793187
-37.78,26,745.176464
-34.69,21,745.443251
-41.6,28,745.766545
-45.0,20,745.962805
-38.2,32,746.400773
-32.68,37,746.818677
-37.96,27,747.102713
-45.0,19,747.332904
-44.56,25,747.602508
-34.63,30,748.547529
-35.5,36,749.128266
-32.76,40,749.568277
-37.35,30,749.901175
-39.0,30,750.414524
-38.28,32,750.738576
-43.69,21,750.97279
-38.09,24,751.242723
-38.85,31,751.581434
-35.91,30,752.384014
-38.9,25,752.654664
-33.0,39,753.085168
-32.25,36,753.458453
-35.28,31,753.788661
-41.12,27,754.067038
-38.65,26,754.349396
-44.39,21,754.637791
-40.7,32,754.986706
-41.4,22,755.261891
-38.58,30,755.619054
-35.78,23,755.88356
-41.2,29,756.190458
-35.24,30,756.530678
-38.13,27,756.843053
-39.0,21,757.069353
-39.0,22,757.309524
-42.0,26,757.607929
-39.0,21,757.828895
-38.81,20,758.057149
-44.29,28,758.372303
-40.42,28,758.692602
-41.44,37,759.100261
-38.34,20,759.336187
-38.8,26,759.623839
-39.0,25,759.969841
-38.91,19,760.239349
-41.24,31,760.598784
-32.04,35,760.978812
-41.78,22,761.225409
-42.0,21,761.421921
-36.0,25,761.724659
-41.36,26,762.013556
41.676471,17,762.198061
-38.8,25,762.479018
-33.0,41,762.949153
39.363107,26,763.233689
-38.26,31,763.568826
-36.0,26,763.866563
-37.73,50,764.413328
-42.0,29,764.743377
32.011527,34,765.125108
-34.89,90,766.092582
-38.66,25,766.361801
-43.88,32,766.696958
-32.68,32,767.058754
-38.42,29,767.376103
-35.63,42,767.86092
-41.45,38,768.328238
-32.91,28,768.653699
-38.78,26,768.941981
-41.45,112,770.161493
-41.57,29,770.48318
-43.39,20,770.737798
-35.82,29,771.073867
-41.26,26,771.372708
-37.69,29,771.689686
-37.93,25,771.952399
36.638047,36,772.348928
-35.9,24,772.614769
-33.81,28,772.915447
35.062731,31,773.255781
-41.72,29,773.56169
-32.56,35,773.956025
-40.51,26,774.231071
-41.58,24,774.509024
-39.0,24,774.766707
-42.0,22,774.997965
32.093103,50,775.515802
-38.17,34,775.909726
-32.42,29,776.223201
-38.66,26,776.512952
-44.64,20,776.728492
-40.57,24,776.99777
-40.35,20,777.25588
37.650468,42,777.703887
-40.23,26,777.990096
-36.0,34,778.380752
-41.09,17,778.587216
-38.76,56,779.240507
-41.11,22,779.48634
35.638037,29,779.784324
-32.81,34,780.162587
-35.91,33,780.549595
-44.25,19,780.76929
-32.92,38,781.183338
-41.72,30,781.529607
-44.92,25,781.808775
-42.0,20,782.029036
-35.59,33,782.396127
38.918235,30,782.729808
-38.23,22,782.979225
35.643646,31,783.307845
36.861669,26,783.592515
-38.08,27,783.909805
-38.65,33,784.271489
-42.0,37,784.714236
-35.1,40,785.287385
-35.5,30,785.618745
-32.37,35,786.029011
-38.41,28,786.331629
-41.71,20,786.580908
-35.29,33,786.948068
-44.2,20,787.178474
-42.0,20,787.395968
-38.63,23,787.661656
-38.16,41,788.101355
-41.35,23,788.353049
-36.0,23,788.613741
-40.61,24,788.891991
-35.73,37,789.276228
-41.42,28,789.579289
35.672078,33,789.975113
-43.97,18,790.180517
-32.77,30,790.502649
-35.91,24,790.761701
-35.19,30,791.08908
-41.85,25,791.356324
-36.0,27,791.652574
-44.51,26,791.945535
-38.06,25,792.227139
-38.45,25,792.493741
-38.34,29,792.826325
-35.28,28,793.10044
-35.75,26,793.361134
-41.41,32,793.72636
-42.0,18,793.910689
-35.05,57,794.537184
-41.54,24,794.784951
-35.42,28,795.099923
-47.09,20,795.408107
-41.38,30,795.74125
-38.46,21,795.978548
-32.74,33,796.324316
-44.68,18,796.528967
-35.47,28,796.944327
-38.26,29,797.267128
-39.0,27,797.572935
-35.76,24,797.838971
-40.79,26,798.15016
-32.63,44,798.733902
-32.66,34,799.1045
-32.68,31,799.44313
-35.89,34,799.818124
35.604478,29,800.124186
-44.5,25,800.402316
-32.31,28,800.713065
-39.0,22,801.057877
35.126559,36,801.432588
-36.0,33,801.79938
-35.83,27,802.103251
-38.19,29,802.397058
32.094406,31,802.753397
-44.18,35,803.135524
-38.0,22,803.394681
-35.21,21,803.611466
32.877778,37,804.048654
32.177778,33,804.410049
-34.79,25,804.685534
-38.58,29,805.009532
-38.46,25,805.302166
-41.76,28,805.611275
-41.73,25,805.891291
-35.61,34,806.285823
-40.62,29,806.594858
-36.0,23,806.850603
-44.38,18,807.063581
-38.87,34,807.451082
-38.88,47,807.953203
-41.71,21,808.154683
-43.2,34,808.525041
-35.49,24,808.787279
-35.47,31,809.131916
-32.61,33,809.506013
36.568741,24,809.761822
-37.22,32,810.126676
-32.13,28,810.506128
32.16129,26,810.846867
-39.0,22,811.088761
-37.67,32,811.436172
-40.83,25,811.711013
-44.22,26,811.992349
-37.81,22,812.246867
-35.03,43,812.813302
-32.69,47,813.31643
-38.78,19,813.529925
35.665644,26,813.803365
-38.61,24,814.079821
-39.0,20,814.313462
-36.0,19,814.52572
32.118467,27,814.815348
-41.19,21,815.053827
-40.74,31,815.403764
-35.05,25,815.679701
-34.34,33,816.055058
-32.21,29,816.381032
-34.61,32,816.714671
-38.73,25,816.996792
-44.75,25,817.274962
-44.32,19,817.484423
-38.69,25,817.757038
-35.43,28,818.075604
-32.87,26,818.355065
-38.22,22,818.616883
-38.81,21,818.844823
35.47166,37,819.246197
-41.63,23,819.504579
-39.0,33,819.863831
-35.72,26,820.183474
-44.81,19,820.378078
-35.91,23,820.660079
-45.0,24,820.929135
-39.0,32,821.271679
-38.12,74,822.087546
-38.8,27,822.383147
-38.91,24,822.638195
-32.43,26,822.943823
-43.17,23,823.196908
-40.62,31,823.523808
-38.19,26,823.821906
-38.34,24,824.393974
-43.97,22,824.63005
-38.43,33,825.000379
-35.21,32,825.388559
-33.0,30,825.728808
-38.44,34,826.106524
-38.51,32,826.460912
-36.0,35,826.835589
-40.69,16,827.001397
-38.6,40,827.411326
-44.65,25,827.71213
-32.49,70,828.455286
-35.04,29,828.775097
-41.33,20,828.998417
-33.0,31,829.417838
-38.27,22,829.658505
-36.0,32,830.500062
-38.26,25,830.766087
-35.17,33,831.139516
-38.57,22,831.40986
34.52288,32,831.756028
-32.19,30,832.087683
-35.88,36,832.497839
-32.88,24,832.755717
-34.81,28,833.05935
-38.58,28,833.372698
-43.77,29,833.681539
32.18543,24,833.943043
-36.0,27,834.240573
-35.3,31,834.571478
-38.66,26,834.84446
-44.06,26,835.128931
-44.69,25,835.410199
-38.36,28,835.71707
-41.73,18,835.929848
-38.34,24,836.197647
-33.0,50,836.882354
-35.63,28,837.199432
-38.58,33,837.581976
-37.32,29,837.894104
-35.69,46,838.437694
-44.48,20,838.674652
-38.35,26,838.953339
-39.0,27,839.247659
-38.45,33,839.633082
-44.18,18,839.817377
39.444839,32,840.163602
40.79661,23,840.427555
-35.7,31,840.756757
-38.44,23,841.0216
-33.0,30,841.336608
-35.56,29,841.684435
-41.5,18,841.895056
-44.32,23,842.127767
-37.63,29,842.439532
-34.78,31,842.791817
35.075099,26,843.079489
-35.97,31,843.412158
-38.49,32,843.773556
-39.0,29,844.096633
-32.91,25,844.35467
-47.2,20,844.590052
-41.39,25,844.871175
-44.29,28,845.158279
-33.0,37,845.57381
-39.0,25,845.863815
-32.83,34,846.224164
-38.09,21,846.463187
-42.0,24,846.73783
-39.0,25,847.018206
-41.76,24,847.286609
-42.0,23,847.54067
-44.55,23,847.831172
-41.84,25,848.114595
-41.13,23,848.37643
-38.07,21,848.649155
34.762204,20,848.87177
-41.39,26,849.153547
-38.89,26,849.434878
-35.49,23,849.695575
-32.9,24,849.950697
-38.2,35,850.34163
-44.67,23,850.59133
-38.33,26,850.886249
-38.91,24,851.138798
-40.58,24,851.426646
-33.0,40,851.876991
-33.0,34,852.276147
-37.6,23,852.534261
-38.89,23,852.806015
-38.9,22,853.053746
-41.73,22,853.27498
-35.58,27,853.578486
-41.81,22,853.8256
-38.01,24,854.117631
-43.95,32,854.448288
-44.05,40,854.896553
-37.8,25,855.184867
36.0,20,855.397671
-38.15,24,855.658931
-42.0,27,855.955989
-41.05,23,856.184177
-35.46,27,856.487232
-41.68,23,856.746721
-41.36,18,856.935123
-47.05,16,857.126287
-32.75,42,857.581978
-41.13,22,857.828454
-41.21,26,858.11396
-35.25,31,858.454117
-35.01,31,858.786407
-45.0,18,858.998305
-44.78,34,859.393685
46.589431,15,859.535328
-41.72,24,859.801258
-44.26,27,860.090375
-33.0,31,860.433588
-40.46,30,860.775651
-35.88,25,861.059397
-35.64,22,861.364336
-39.0,26,861.72938
47.137755,13,861.875218
-38.67,29,862.183637
-31.82,34,862.567605
-39.0,23,862.808792
-32.64,30,863.139361
-35.39,32,863.476268
-43.88,22,863.727767
-35.28,27,863.998938
-41.73,31,864.353638
-32.75,35,864.731143
-42.0,20,864.965418
-44.33,26,865.261824
-47.22,20,865.491872
-31.98,31,865.841503
-44.66,26,866.138216
-41.11,25,866.41338
