turn,chosen,chosen_power,chosen_prob,best,best_power,ratio,dominated
1,earthquake,0.0,0.025,spikes,0.0,,0
2,toxic,0.0,0.458,spikes,0.0,,0
1,pyroball,360.0,0.831,pyroball,360.0,1.0,0
3,toxic,0.0,0.384,spikes,0.0,,0
1,drainingkiss,75.0,0.296,diamondstorm,150.0,2.0,1
1,gigadrain,225.0,0.508,gigadrain,225.0,1.0,0
2,drainingkiss,75.0,0.721,diamondstorm,100.0,1.33,0
4,knockoff,65.0,0.412,surf,67.5,1.04,0
3,spore,0.0,0.045,closecombat,240.0,,1
1,focusblast,240.0,0.074,focusblast,240.0,1.0,0
5,tripleaxel,30.0,0.49,surf,67.5,2.25,1
2,spore,0.0,0.058,populationbomb,30.0,,1
3,dracometeor,195.0,0.644,dracometeor,195.0,1.0,0
2,earthquake,150.0,0.797,focusblast,240.0,1.6,1
1,ceaselessedge,65.0,0.042,ceaselessedge,65.0,1.0,0
3,populationbomb,30.0,0.66,populationbomb,30.0,1.0,0
4,playrough,270.0,0.557,playrough,270.0,1.0,0
6,surf,135.0,0.703,surf,135.0,1.0,0
2,ceaselessedge,65.0,0.6,ceaselessedge,65.0,1.0,0
3,uturn,140.0,0.944,uturn,140.0,1.0,0
1,surf,270.0,0.17,surf,270.0,1.0,0
5,earthquake,100.0,0.445,earthquake,100.0,1.0,0
4,earthquake,100.0,0.243,earthquake,100.0,1.0,0
7,knockoff,97.5,0.962,drainpunch,112.5,1.15,0
5,moonblast,285.0,0.992,moonblast,285.0,1.0,0
6,earthquake,100.0,0.538,earthquake,100.0,1.0,0
5,crunch,120.0,0.528,wildcharge,180.0,1.5,0
8,knockoff,97.5,0.986,drainpunch,112.5,1.15,0
3,bodyslam,127.5,0.9,bodyslam,127.5,1.0,0
1,psychicfangs,127.5,0.107,psychicfangs,127.5,1.0,0
6,moonblast,285.0,0.988,moonblast,285.0,1.0,0
2,shadowball,120.0,0.73,psyshock,120.0,1.0,0
4,bodyslam,127.5,0.939,bodyslam,127.5,1.0,0
7,playrough,67.5,0.37,earthquake,100.0,1.48,0
4,hydropump,165.0,0.677,hurricane,165.0,1.0,0
5,bodyslam,127.5,0.965,bodyslam,127.5,1.0,0
2,blizzard,660.0,0.745,blizzard,660.0,1.0,0
6,earthquake,100.0,0.465,earthquake,100.0,1.0,0
1,leechseed,0.0,0.111,powerwhip,180.0,,1
9,knockoff,97.5,0.945,knockoff,97.5,1.0,0
7,bugbuzz,67.5,0.332,moonblast,71.2,1.06,0
5,hurricane,165.0,0.525,hurricane,165.0,1.0,0
6,bodyslam,127.5,0.978,bodyslam,127.5,1.0,0
7,earthquake,100.0,0.703,earthquake,100.0,1.0,0
3,moonblast,142.5,0.503,blizzard,165.0,1.16,0
8,earthquake,150.0,0.545,hydropump,165.0,1.1,0
2,powerwhip,120.0,0.377,powerwhip,120.0,1.0,0
10,knockoff,97.5,0.892,knockoff,97.5,1.0,0
1,gigadrain,225.0,0.141,gigadrain,225.0,1.0,0
8,bugbuzz,67.5,0.316,moonblast,71.2,1.06,0
4,dazzlinggleam,160.0,0.407,dazzlinggleam,160.0,1.0,0
8,earthquake,100.0,0.878,earthquake,100.0,1.0,0
4,moonblast,142.5,0.556,blizzard,165.0,1.16,0
9,earthquake,150.0,0.498,hydropump,165.0,1.1,0
3,powerwhip,120.0,0.229,powerwhip,120.0,1.0,0
11,knockoff,97.5,0.922,knockoff,97.5,1.0,0
2,gigadrain,150.0,0.882,gigadrain,150.0,1.0,0
9,bugbuzz,67.5,0.301,moonblast,71.2,1.06,0
5,dazzlinggleam,160.0,0.794,dazzlinggleam,160.0,1.0,0
7,terablast,80.0,0.526,earthquake,100.0,1.25,0
6,poltergeist,165.0,0.916,poltergeist,165.0,1.0,0
10,hydropump,165.0,0.524,hydropump,165.0,1.0,0
4,earthquake,200.0,0.699,earthquake,200.0,1.0,0
10,fireblast,110.0,0.906,darkpulse,120.0,1.09,0
5,zenheadbutt,120.0,0.88,mightycleave,285.0,2.38,1
8,terablast,80.0,0.602,earthquake,100.0,1.25,0
9,earthquake,200.0,0.96,earthquake,200.0,1.0,0
7,poltergeist,165.0,0.941,poltergeist,165.0,1.0,0
5,earthquake,200.0,0.633,earthquake,200.0,1.0,0
3,dragonpulse,85.0,0.431,dragonpulse,85.0,1.0,0
12,gravapple,120.0,0.582,outrage,180.0,1.5,0
6,shadowball,60.0,0.507,focusblast,120.0,2.0,1
11,earthquake,150.0,0.98,earthquake,150.0,1.0,0
10,earthquake,200.0,0.974,earthquake,200.0,1.0,0
9,terablast,80.0,0.615,earthquake,100.0,1.25,0
11,lavaplume,120.0,0.497,lavaplume,120.0,1.0,0
4,recover,0.0,0.408,dragonpulse,85.0,,1
13,outrage,180.0,0.599,outrage,180.0,1.0,0
6,zenheadbutt,120.0,0.838,mightycleave,142.5,1.19,0
8,psychicnoise,112.5,0.923,psychicnoise,112.5,1.0,0
6,earthquake,200.0,0.735,earthquake,200.0,1.0,0
12,lavaplume,120.0,0.652,lavaplume,120.0,1.0,0
14,outrage,180.0,0.744,outrage,180.0,1.0,0
7,thunderbolt,270.0,0.872,thunderbolt,270.0,1.0,0
12,uturn,140.0,0.95,uturn,140.0,1.0,0
10,dragondance,0.0,0.146,earthquake,100.0,,1
11,scald,240.0,0.904,scald,240.0,1.0,0
5,drainingkiss,75.0,0.774,terablast,80.0,1.07,0
9,psychicnoise,56.2,0.822,psychicnoise,56.2,1.0,0
13,lavaplume,120.0,0.466,lavaplume,120.0,1.0,0
7,poltergeist,165.0,0.954,dracometeor,195.0,1.18,0
11,bodypress,240.0,0.674,bodypress,240.0,1.0,0
7,wavecrash,360.0,0.982,wavecrash,360.0,1.0,0
6,drainingkiss,75.0,0.73,terablast,80.0,1.07,0
15,hypervoice,135.0,0.684,hypervoice,135.0,1.0,0
8,thunderbolt,0.0,0.256,dazzlinggleam,120.0,,1
13,uturn,140.0,0.489,shadowball,160.0,1.14,0
10,psychicnoise,56.2,0.825,psychicnoise,56.2,1.0,0
14,lavaplume,120.0,0.608,lavaplume,120.0,1.0,0
12,leafstorm,390.0,0.729,leafstorm,390.0,1.0,0
8,poltergeist,165.0,0.97,dracometeor,195.0,1.18,0
12,bodypress,240.0,0.564,bodypress,240.0,1.0,0
8,wavecrash,360.0,0.993,wavecrash,360.0,1.0,0
7,drainingkiss,75.0,0.683,terablast,80.0,1.07,0
9,thunderbolt,0.0,0.252,dazzlinggleam,120.0,,1
9,poltergeist,165.0,0.976,dracometeor,195.0,1.18,0
13,stoneedge,100.0,0.241,bodypress,120.0,1.2,0
8,taunt,0.0,0.205,terablast,80.0,,1
14,pyroball,360.0,0.995,pyroball,360.0,1.0,0
11,earthquake,300.0,0.951,earthquake,300.0,1.0,0
15,knockoff,48.8,0.549,rapidspin,50.0,1.03,0
9,wavecrash,180.0,0.935,wavecrash,180.0,1.0,0
13,leafstorm,48.8,0.536,dragonpulse,85.0,1.74,1
9,bodyslam,127.5,0.373,bodyslam,127.5,1.0,0
10,gunkshot,90.0,0.731,crunch,120.0,1.33,0
16,knockoff,48.8,0.475,rapidspin,50.0,1.03,0
10,poltergeist,0.0,0.646,dracometeor,195.0,,1
14,bodypress,30.0,0.445,bodypress,30.0,1.0,0
10,poltergeist,330.0,0.987,poltergeist,330.0,1.0,0
12,icebeam,180.0,0.998,icebeam,180.0,1.0,0
18,voltswitch,210.0,0.727,overdrive,240.0,1.14,0
11,gunkshot,90.0,0.584,crunch,120.0,1.33,0
1,iceshard,60.0,0.109,knockoff,195.0,3.25,1
10,closecombat,180.0,0.947,closecombat,180.0,1.0,0
11,poltergeist,0.0,0.521,dracometeor,195.0,,1
11,poltergeist,330.0,0.993,poltergeist,330.0,1.0,0
16,outrage,360.0,0.972,outrage,360.0,1.0,0
17,moonblast,285.0,0.659,moonblast,285.0,1.0,0
11,closecombat,180.0,0.982,closecombat,180.0,1.0,0
12,dracometeor,195.0,0.413,dracometeor,195.0,1.0,0
15,stoneedge,200.0,0.879,stoneedge,200.0,1.0,0
13,psychicnoise,225.0,0.977,psychicnoise,225.0,1.0,0
12,powerwhip,360.0,0.971,powerwhip,360.0,1.0,0
12,bodyslam,127.5,0.869,bodyslam,127.5,1.0,0
17,uturn,140.0,0.979,uturn,140.0,1.0,0
13,dracometeor,195.0,0.487,dracometeor,195.0,1.0,0
16,stoneedge,200.0,0.732,stoneedge,200.0,1.0,0
3,knockoff,195.0,0.992,knockoff,195.0,1.0,0
13,powerwhip,180.0,0.564,powerwhip,180.0,1.0,0
12,closecombat,180.0,0.873,closecombat,180.0,1.0,0
18,aquacutter,210.0,0.834,aquacutter,210.0,1.0,0
14,toxic,0.0,0.506,psychicnoise,112.5,,1
13,bodyslam,127.5,0.906,bodyslam,127.5,1.0,0
14,poltergeist,165.0,0.648,powerwhip,180.0,1.09,0
14,crunch,160.0,0.636,crunch,160.0,1.0,0
17,heavyslam,0.0,0.927,bodypress,120.0,,1
15,toxic,0.0,0.734,psychicnoise,112.5,,1
13,closecombat,360.0,0.998,closecombat,360.0,1.0,0
19,nightslash,35.0,0.465,aquacutter,52.5,1.5,0
4,closecombat,240.0,0.757,closecombat,240.0,1.0,0
18,dazzlinggleam,80.0,0.956,luminacrash,120.0,1.5,0
18,heavyslam,0.0,0.907,bodypress,120.0,,1
16,toxic,0.0,0.793,psychicnoise,112.5,,1
1,focusblast,240.0,0.09,focusblast,240.0,1.0,0
5,closecombat,240.0,0.785,closecombat,240.0,1.0,0
15,surf,90.0,0.884,surf,90.0,1.0,0
14,drainingkiss,75.0,0.83,terablast,80.0,1.07,0
2,focusblast,240.0,0.956,focusblast,240.0,1.0,0
14,closecombat,360.0,0.976,closecombat,360.0,1.0,0
15,drainingkiss,75.0,0.828,terablast,80.0,1.07,0
19,grassyglide,165.0,0.924,woodhammer,360.0,2.18,1
1,poltergeist,165.0,0.077,poltergeist,165.0,1.0,0
6,psychic,135.0,0.984,psychic,135.0,1.0,0
16,knockoff,130.0,0.99,knockoff,130.0,1.0,0
16,drainingkiss,75.0,0.81,terablast,80.0,1.07,0
2,drainpunch,112.5,0.758,drainpunch,112.5,1.0,0
3,liquidation,255.0,0.957,liquidation,255.0,1.0,0
7,psychic,135.0,0.98,psychic,135.0,1.0,0
17,knockoff,130.0,0.996,knockoff,130.0,1.0,0
15,mysticalfire,150.0,0.946,mysticalfire,150.0,1.0,0
21,highjumpkick,260.0,0.789,highjumpkick,260.0,1.0,0
20,grassyglide,41.2,0.455,highhorsepower,95.0,2.3,1
1,voltswitch,105.0,0.02,overheat,195.0,1.86,1
3,drainpunch,112.5,0.683,drainpunch,112.5,1.0,0
8,psychic,135.0,0.971,psychic,135.0,1.0,0
18,knockoff,130.0,0.997,knockoff,130.0,1.0,0
16,mysticalfire,150.0,0.876,mysticalfire,150.0,1.0,0
2,voltswitch,70.0,0.663,overheat,130.0,1.86,1
17,terablast,80.0,0.779,terablast,80.0,1.0,0
4,liquidation,63.8,0.19,megahorn,120.0,1.88,1
1,psyshock,240.0,0.311,psyshock,240.0,1.0,0
21,grassyglide,330.0,0.978,woodhammer,720.0,2.18,1
4,icebeam,180.0,0.957,icebeam,180.0,1.0,0
18,terablast,80.0,0.766,terablast,80.0,1.0,0
9,psychic,135.0,0.926,psychic,135.0,1.0,0
5,flareblitz,360.0,0.293,flareblitz,360.0,1.0,0
3,dracometeor,195.0,0.928,dracometeor,195.0,1.0,0
2,psyshock,160.0,0.975,psyshock,160.0,1.0,0
19,earthquake,150.0,0.78,earthquake,150.0,1.0,0
10,psychic,135.0,0.93,psychic,135.0,1.0,0
6,liquidation,63.8,0.139,megahorn,120.0,1.88,1
1,hurricane,330.0,0.407,hurricane,330.0,1.0,0
19,sludgebomb,90.0,0.478,earthpower,135.0,1.5,0
5,icebeam,180.0,0.956,icebeam,180.0,1.0,0
20,earthquake,150.0,0.866,earthquake,150.0,1.0,0
7,flareblitz,360.0,0.372,flareblitz,360.0,1.0,0
4,knockoff,65.0,0.963,knockoff,65.0,1.0,0
20,sludgebomb,90.0,0.408,earthpower,135.0,1.5,0
3,dazzlinggleam,240.0,0.997,dazzlinggleam,240.0,1.0,0
1,stealthrock,0.0,0.149,ceaselessedge,65.0,,1
11,dracometeor,195.0,0.769,dracometeor,195.0,1.0,0
5,knockoff,65.0,0.945,knockoff,65.0,1.0,0
21,sludgebomb,90.0,0.419,earthpower,135.0,1.5,0
6,dragontail,180.0,0.73,dracometeor,390.0,2.17,1
2,stealthrock,0.0,0.789,ceaselessedge,65.0,,1
21,stoneedge,100.0,0.373,stoneedge,100.0,1.0,0
8,flareblitz,180.0,0.081,flareblitz,180.0,1.0,0
6,knockoff,65.0,0.912,knockoff,65.0,1.0,0
1,judgment,100.0,0.065,judgment,100.0,1.0,0
4,thunderbolt,135.0,0.706,thunderbolt,135.0,1.0,0
7,dragontail,180.0,0.799,dracometeor,390.0,2.17,1
3,throatchop,160.0,0.875,throatchop,160.0,1.0,0
12,bodypress,80.0,0.438,dracometeor,97.5,1.22,0
9,storedpower,30.0,0.241,dazzlinggleam,80.0,2.67,1
22,sludgebomb,180.0,0.987,sludgebomb,180.0,1.0,0
7,knockoff,65.0,0.872,knockoff,65.0,1.0,0
5,thunderbolt,135.0,0.559,thunderbolt,135.0,1.0,0
2,judgment,100.0,0.515,icebeam,135.0,1.35,0
4,throatchop,160.0,0.813,throatchop,160.0,1.0,0
22,icepunch,300.0,0.998,icepunch,300.0,1.0,0
3,focusblast,240.0,0.923,focusblast,240.0,1.0,0
13,bodypress,80.0,0.502,dracometeor,97.5,1.22,0
10,flareblitz,180.0,0.103,flareblitz,180.0,1.0,0
23,sludgebomb,180.0,0.974,sludgebomb,180.0,1.0,0
8,knockoff,65.0,0.813,knockoff,65.0,1.0,0
6,liquidation,127.5,0.764,liquidation,127.5,1.0,0
5,esperwing,120.0,0.959,esperwing,120.0,1.0,0
1,stealthrock,0.0,0.007,knockoff,16.2,,1
3,judgment,100.0,0.413,icebeam,135.0,1.35,0
8,crunch,120.0,0.576,playrough,180.0,1.5,0
4,focusblast,240.0,0.901,focusblast,240.0,1.0,0
14,bodypress,80.0,0.502,dracometeor,97.5,1.22,0
11,storedpower,30.0,0.265,dazzlinggleam,80.0,2.67,1
2,taunt,0.0,0.117,knockoff,24.4,,1
5,focusblast,240.0,0.881,focusblast,240.0,1.0,0
7,liquidation,127.5,0.871,liquidation,127.5,1.0,0
15,bodypress,80.0,0.467,dracometeor,97.5,1.22,0
24,iciclespear,75.0,0.902,iciclespear,75.0,1.0,0
9,closecombat,180.0,0.876,closecombat,180.0,1.0,0
3,bravebird,180.0,0.6,bravebird,180.0,1.0,0
4,knockoff,130.0,0.903,knockoff,130.0,1.0,0
6,focusblast,240.0,0.855,focusblast,240.0,1.0,0
12,megahorn,120.0,0.322,liquidation,127.5,1.06,0
7,suckerpunch,210.0,0.938,crunch,240.0,1.14,0
8,foulplay,142.5,0.483,foulplay,142.5,1.0,0
10,earthquake,200.0,0.975,earthquake,200.0,1.0,0
7,focusblast,240.0,0.806,focusblast,240.0,1.0,0
16,dracometeor,390.0,0.774,dracometeor,390.0,1.0,0
13,storedpower,30.0,0.557,dazzlinggleam,80.0,2.67,1
8,suckerpunch,210.0,0.953,crunch,240.0,1.14,0
25,rockblast,50.0,0.858,rockblast,50.0,1.0,0
4,flipturn,90.0,0.592,earthquake,150.0,1.67,1
5,knockoff,130.0,0.574,gunkshot,180.0,1.38,0
9,foulplay,142.5,0.63,foulplay,142.5,1.0,0
11,earthquake,200.0,0.992,earthquake,200.0,1.0,0
8,focusblast,240.0,0.743,focusblast,240.0,1.0,0
11,esperwing,240.0,0.414,esperwing,240.0,1.0,0
17,tripleaxel,80.0,0.697,iceshard,160.0,2.0,1
14,megahorn,120.0,0.616,liquidation,127.5,1.06,0
10,foulplay,142.5,0.737,foulplay,142.5,1.0,0
1,moonblast,142.5,0.142,moonblast,142.5,1.0,0
12,throatchop,80.0,0.444,closecombat,90.0,1.12,0
5,moonblast,285.0,0.94,moonblast,285.0,1.0,0
6,originpulse,165.0,0.923,originpulse,165.0,1.0,0
9,focusblast,240.0,0.369,focusblast,240.0,1.0,0
12,fireblast,220.0,0.994,fireblast,220.0,1.0,0
9,crunch,120.0,0.368,closecombat,120.0,1.0,0
2,moonblast,95.0,0.885,moonblast,95.0,1.0,0
7,originpulse,165.0,0.972,originpulse,165.0,1.0,0
10,drainpunch,225.0,0.548,drainpunch,225.0,1.0,0
11,wavecrash,180.0,0.998,wavecrash,180.0,1.0,0
15,bugbite,90.0,0.866,bugbite,90.0,1.0,0
1,icespinner,320.0,0.754,icespinner,320.0,1.0,0
10,hypervoice,67.5,0.428,psyshock,120.0,1.78,1
14,esperwing,240.0,0.529,esperwing,240.0,1.0,0
8,originpulse,165.0,0.976,originpulse,165.0,1.0,0
11,drainpunch,225.0,0.673,drainpunch,225.0,1.0,0
13,taunt,0.0,0.408,gunkshot,180.0,,1
16,bugbite,90.0,0.68,bugbite,90.0,1.0,0
3,blueflare,195.0,0.741,dracometeor,195.0,1.0,0
11,psyshock,120.0,0.4,psyshock,120.0,1.0,0
12,wavecrash,90.0,0.998,wavecrash,90.0,1.0,0
15,throatchop,80.0,0.571,closecombat,90.0,1.12,0
7,moonblast,142.5,0.385,moonblast,142.5,1.0,0
9,scald,120.0,0.995,scald,120.0,1.0,0
4,dragontail,90.0,0.708,dracometeor,195.0,2.17,1
12,alluringvoice,120.0,0.945,fireblast,220.0,1.83,1
14,playrough,180.0,0.512,playrough,180.0,1.0,0
17,bodypress,80.0,0.732,foulplay,95.0,1.19,0
13,wavecrash,90.0,0.998,wavecrash,90.0,1.0,0
3,stoneedge,300.0,0.944,stoneedge,300.0,1.0,0
12,hypervoice,135.0,0.651,hypervoice,135.0,1.0,0
13,alluringvoice,120.0,0.901,fireblast,220.0,1.83,1
18,foulplay,95.0,0.384,foulplay,95.0,1.0,0
16,morningsun,0.0,0.679,outrage,180.0,,1
10,rest,0.0,0.416,scald,60.0,,1
14,wavecrash,90.0,0.998,wavecrash,90.0,1.0,0
5,flipturn,360.0,0.997,flipturn,360.0,1.0,0
13,hypervoice,135.0,0.7,hypervoice,135.0,1.0,0
19,rest,0.0,0.532,foulplay,95.0,,1
17,morningsun,0.0,0.661,outrage,180.0,,1
9,dragonpulse,85.0,0.952,waterpulse,90.0,1.06,0
11,takeheart,0.0,0.418,scald,60.0,,1
4,stoneedge,75.0,0.689,earthquake,200.0,2.67,1
14,thunderwave,0.0,0.71,alluringvoice,120.0,,1
15,wavecrash,90.0,0.997,wavecrash,90.0,1.0,0
18,morningsun,0.0,0.641,outrage,180.0,,1
6,closecombat,120.0,0.83,behemothblade,150.0,1.25,0
12,rest,0.0,0.374,scald,60.0,,1
1,ivycudgel,150.0,0.412,ivycudgel,150.0,1.0,0
5,stoneedge,75.0,0.68,earthquake,200.0,2.67,1
14,bitterblade,270.0,0.993,bitterblade,270.0,1.0,0
16,wavecrash,90.0,0.997,wavecrash,90.0,1.0,0
19,morningsun,0.0,0.621,outrage,180.0,,1
10,healingwish,0.0,0.694,psyshock,120.0,,1
7,closecombat,120.0,0.812,behemothblade,150.0,1.25,0
13,rest,0.0,0.385,scald,60.0,,1
2,ivycudgel,150.0,0.36,ivycudgel,150.0,1.0,0
1,headlongrush,180.0,0.016,headlongrush,180.0,1.0,0
15,powergem,240.0,0.969,powergem,240.0,1.0,0
6,stoneedge,75.0,0.587,earthquake,200.0,2.67,1
20,morningsun,0.0,0.599,outrage,180.0,,1
17,wavecrash,90.0,0.996,wavecrash,90.0,1.0,0
14,takeheart,0.0,0.433,scald,60.0,,1
3,ivycudgel,150.0,0.291,ivycudgel,150.0,1.0,0
2,rapidspin,50.0,0.571,headlongrush,180.0,3.6,1
11,gunkshot,360.0,0.718,gunkshot,360.0,1.0,0
21,morningsun,0.0,0.577,outrage,180.0,,1
8,closecombat,120.0,0.935,closecombat,120.0,1.0,0
15,rest,0.0,0.363,scald,60.0,,1
15,poltergeist,165.0,0.707,poltergeist,165.0,1.0,0
4,ivycudgel,150.0,0.823,ivycudgel,150.0,1.0,0
16,fireblast,330.0,0.99,fireblast,330.0,1.0,0
22,morningsun,0.0,0.554,outrage,180.0,,1
18,wavecrash,180.0,0.992,wavecrash,180.0,1.0,0
7,powerwhip,360.0,0.99,powerwhip,360.0,1.0,0
9,closecombat,120.0,0.94,closecombat,120.0,1.0,0
16,poltergeist,165.0,0.725,poltergeist,165.0,1.0,0
16,rest,0.0,0.375,scald,60.0,,1
12,gigadrain,18.8,0.682,gunkshot,180.0,9.6,1
3,surf,67.5,0.842,earthquake,150.0,2.22,1
17,fireblast,330.0,0.994,fireblast,330.0,1.0,0
23,morningsun,0.0,0.531,outrage,180.0,,1
5,superpower,120.0,0.912,superpower,120.0,1.0,0
17,takeheart,0.0,0.439,scald,60.0,,1
13,gigadrain,18.8,0.744,gunkshot,180.0,9.6,1
19,blizzard,165.0,0.946,blizzard,165.0,1.0,0
4,surf,67.5,0.766,earthquake,150.0,2.22,1
24,outrage,180.0,0.985,outrage,180.0,1.0,0
8,sunnyday,0.0,0.99,powerwhip,45.0,,1
10,flipturn,360.0,0.99,flipturn,360.0,1.0,0
18,rest,0.0,0.352,scald,60.0,,1
1,wavecrash,90.0,0.031,wavecrash,90.0,1.0,0
20,blizzard,165.0,0.808,blizzard,165.0,1.0,0
5,surf,67.5,0.665,earthquake,150.0,2.22,1
25,outrage,180.0,0.981,outrage,180.0,1.0,0
9,sunnyday,0.0,0.979,powerwhip,45.0,,1
6,earthquake,300.0,0.98,earthquake,300.0,1.0,0
19,rest,0.0,0.363,scald,60.0,,1
14,stealthrock,0.0,0.998,psychoboost,140.0,,1
2,rest,0.0,0.366,wavecrash,60.0,,1
6,surf,67.5,0.695,earthquake,150.0,2.22,1
10,sunnyday,0.0,0.97,powerwhip,45.0,,1
18,willowisp,0.0,0.949,leafstorm,195.0,,1
11,icebeam,180.0,0.696,icebeam,180.0,1.0,0
20,takeheart,0.0,0.462,scald,60.0,,1
3,rest,0.0,0.325,wavecrash,60.0,,1
7,surf,67.5,0.722,earthquake,150.0,2.22,1
1,psychic,180.0,0.257,psychic,180.0,1.0,0
19,willowisp,0.0,0.95,leafstorm,195.0,,1
7,earthquake,150.0,0.836,explosion,250.0,1.67,1
21,takeheart,0.0,0.378,scald,60.0,,1
15,stealthrock,0.0,0.786,psychoboost,140.0,,1
4,wavecrash,60.0,0.27,wavecrash,60.0,1.0,0
8,surf,67.5,0.747,earthquake,150.0,2.22,1
20,willowisp,0.0,0.952,leafstorm,195.0,,1
1,collisioncourse,37.5,0.152,flareblitz,120.0,3.2,1
11,bodypress,80.0,0.74,bodypress,80.0,1.0,0
22,rest,0.0,0.351,scald,60.0,,1
5,wavecrash,60.0,0.275,wavecrash,60.0,1.0,0
9,surf,67.5,0.769,earthquake,150.0,2.22,1
21,willowisp,0.0,0.954,leafstorm,195.0,,1
13,flipturn,90.0,0.484,earthquake,150.0,1.67,1
2,flareblitz,180.0,0.78,flareblitz,180.0,1.0,0
8,waterspout,112.5,0.533,thunder,220.0,1.96,1
12,bodypress,80.0,0.757,bodypress,80.0,1.0,0
23,takeheart,0.0,0.46,scald,60.0,,1
10,surf,67.5,0.764,earthquake,150.0,2.22,1
3,tripleaxel,40.0,0.778,doubleedge,180.0,4.5,1
22,willowisp,0.0,0.955,leafstorm,195.0,,1
1,psychic,180.0,0.522,psychic,180.0,1.0,0
24,takeheart,0.0,0.375,scald,60.0,,1
6,outrage,360.0,0.913,outrage,360.0,1.0,0
11,surf,67.5,0.758,earthquake,150.0,2.22,1
3,collisioncourse,50.0,0.524,flareblitz,90.0,1.8,1
13,bodypress,80.0,0.83,bodypress,80.0,1.0,0
23,willowisp,0.0,0.957,leafstorm,195.0,,1
2,psychic,180.0,0.425,psychic,180.0,1.0,0
14,hydropump,165.0,0.878,hydropump,165.0,1.0,0
25,scald,60.0,0.341,scald,60.0,1.0,0
12,surf,67.5,0.753,earthquake,150.0,2.22,1
13,surf,67.5,0.748,earthquake,150.0,2.22,1
4,bravebird,180.0,0.947,bravebird,180.0,1.0,0
5,flipturn,180.0,0.968,flipturn,180.0,1.0,0
15,earthquake,150.0,0.506,earthquake,150.0,1.0,0
24,leafstorm,195.0,0.557,leafstorm,195.0,1.0,0
14,scald,120.0,0.607,hydropump,165.0,1.38,0
11,drainingkiss,150.0,0.794,drainingkiss,150.0,1.0,0
3,psychic,90.0,0.381,psychic,90.0,1.0,0
26,flamethrower,180.0,0.876,flamethrower,180.0,1.0,0
8,moonblast,190.0,0.996,moonblast,190.0,1.0,0
14,surf,67.5,0.742,earthquake,150.0,2.22,1
25,thunderbolt,135.0,0.702,leafstorm,195.0,1.44,0
27,flamethrower,180.0,0.956,flamethrower,180.0,1.0,0
9,moonblast,190.0,0.996,moonblast,190.0,1.0,0
4,stickyweb,0.0,0.5,pounce,75.0,,1
15,surf,67.5,0.736,earthquake,150.0,2.22,1
6,psychicnoise,112.5,0.862,psychicnoise,112.5,1.0,0
16,poisonjab,120.0,0.849,powerwhip,180.0,1.5,0
5,bravebird,180.0,0.721,bravebird,180.0,1.0,0
26,thunderbolt,135.0,0.672,leafstorm,195.0,1.44,0
12,storedpower,10.0,0.478,gigadrain,75.0,7.5,1
28,flamethrower,180.0,0.973,flamethrower,180.0,1.0,0
16,surf,67.5,0.73,earthquake,150.0,2.22,1
7,psychicnoise,112.5,0.906,psychicnoise,112.5,1.0,0
5,stickyweb,0.0,0.346,pounce,75.0,,1
13,gigadrain,75.0,0.546,gigadrain,75.0,1.0,0
10,dracometeor,390.0,0.626,dracometeor,390.0,1.0,0
17,surf,67.5,0.724,earthquake,150.0,2.22,1
8,psychicnoise,112.5,0.935,psychicnoise,112.5,1.0,0
6,earthquake,150.0,0.659,outrage,180.0,1.2,0
17,powerwhip,180.0,0.914,powerwhip,180.0,1.0,0
27,leafstorm,195.0,0.627,leafstorm,195.0,1.0,0
6,stickyweb,0.0,0.304,pounce,75.0,,1
29,flamethrower,180.0,0.938,flamethrower,180.0,1.0,0
18,surf,67.5,0.718,earthquake,150.0,2.22,1
11,hydropump,165.0,0.927,fireblast,220.0,1.33,0
28,thunderbolt,135.0,0.784,leafstorm,195.0,1.44,0
14,spikes,0.0,0.981,foulplay,95.0,,1
19,surf,67.5,0.712,earthquake,150.0,2.22,1
9,psychicnoise,225.0,0.969,psychicnoise,225.0,1.0,0
7,earthquake,150.0,0.414,outrage,180.0,1.2,0
18,powerwhip,180.0,0.929,powerwhip,180.0,1.0,0
12,hydropump,165.0,0.89,fireblast,220.0,1.33,0
30,closecombat,240.0,0.984,closecombat,240.0,1.0,0
15,spikes,0.0,0.972,foulplay,95.0,,1
20,surf,67.5,0.706,earthquake,150.0,2.22,1
7,storedpower,20.0,0.879,bodypress,120.0,6.0,1
10,psychicnoise,225.0,0.976,psychicnoise,225.0,1.0,0
18,bulletseed,75.0,0.871,bulletseed,75.0,1.0,0
13,hydropump,165.0,0.865,fireblast,220.0,1.33,0
1,bodyslam,127.5,0.354,bodyslam,127.5,1.0,0
16,spikes,0.0,0.958,foulplay,95.0,,1
8,storedpower,20.0,0.753,bodypress,120.0,6.0,1
21,surf,67.5,0.699,earthquake,150.0,2.22,1
31,relicsong,112.5,0.788,closecombat,120.0,1.07,0
8,drainpunch,150.0,0.975,drainpunch,150.0,1.0,0
14,hydropump,165.0,0.799,fireblast,220.0,1.33,0
2,bodyslam,127.5,0.725,bodyslam,127.5,1.0,0
22,surf,67.5,0.693,earthquake,150.0,2.22,1
11,tripleaxel,20.0,0.384,doubleedge,180.0,9.0,1
32,relicsong,112.5,0.889,closecombat,180.0,1.6,1
9,storedpower,20.0,0.546,bodypress,120.0,6.0,1
9,drainpunch,150.0,0.964,drainpunch,150.0,1.0,0
1,dazzlinggleam,160.0,0.106,dazzlinggleam,160.0,1.0,0
17,thunderbolt,90.0,0.556,thunderbolt,90.0,1.0,0
23,surf,67.5,0.686,earthquake,150.0,2.22,1
3,bodyslam,127.5,0.842,bodyslam,127.5,1.0,0
15,knockoff,130.0,0.654,earthquake,300.0,2.31,1
18,thunderbolt,90.0,0.532,thunderbolt,90.0,1.0,0
24,surf,67.5,0.679,earthquake,150.0,2.22,1
10,drainpunch,150.0,0.978,drainpunch,150.0,1.0,0
1,outrage,180.0,0.046,earthquake,200.0,1.11,0
10,scaleshot,50.0,0.988,crunch,120.0,2.4,1
19,icebeam,67.5,0.715,thunderbolt,90.0,1.33,0
25,surf,67.5,0.673,earthquake,150.0,2.22,1
13,gunkshot,360.0,0.539,gunkshot,360.0,1.0,0
11,drainpunch,150.0,0.98,drainpunch,150.0,1.0,0
3,sludgewave,142.5,0.921,sludgewave,142.5,1.0,0
2,earthquake,300.0,0.982,earthquake,300.0,1.0,0
4,lusterpurge,142.5,0.096,dracometeor,195.0,1.37,0
20,icebeam,67.5,0.719,thunderbolt,90.0,1.33,0
26,surf,67.5,0.666,earthquake,150.0,2.22,1
12,drainpunch,150.0,0.98,drainpunch,150.0,1.0,0
11,gunkshot,180.0,0.524,gunkshot,180.0,1.0,0
1,dracometeor,195.0,0.026,dracometeor,195.0,1.0,0
21,icebeam,67.5,0.722,thunderbolt,90.0,1.33,0
27,earthquake,150.0,0.898,earthquake,150.0,1.0,0
14,boomburst,210.0,0.798,boomburst,210.0,1.0,0
13,drainpunch,150.0,0.98,drainpunch,150.0,1.0,0
4,bodyslam,127.5,0.881,bodyslam,127.5,1.0,0
2,psychicfangs,127.5,0.192,psychicfangs,127.5,1.0,0
3,dazzlinggleam,80.0,0.216,dazzlinggleam,80.0,1.0,0
6,playrough,135.0,0.623,playrough,135.0,1.0,0
28,earthquake,150.0,0.838,earthquake,150.0,1.0,0
15,boomburst,210.0,0.563,boomburst,210.0,1.0,0
18,nuzzle,60.0,0.973,thunderbolt,270.0,4.5,1
1,hex,97.5,0.019,hex,97.5,1.0,0
4,bloodmoon,105.0,0.477,bloodmoon,105.0,1.0,0
12,iceshard,60.0,0.564,woodhammer,180.0,3.0,1
14,drainpunch,150.0,0.984,drainpunch,150.0,1.0,0
5,curse,0.0,0.302,curse,0.0,,0
19,nuzzle,60.0,0.956,thunderbolt,270.0,4.5,1
3,bodypress,160.0,0.569,bodypress,160.0,1.0,0
2,dragondarts,75.0,0.193,dragondarts,75.0,1.0,0
29,sludgebomb,360.0,0.995,sludgebomb,360.0,1.0,0
13,iceshard,60.0,0.399,woodhammer,180.0,3.0,1
15,drainpunch,150.0,0.984,drainpunch,150.0,1.0,0
16,doubleedge,180.0,0.963,doubleedge,180.0,1.0,0
6,discharge,60.0,0.807,discharge,60.0,1.0,0
3,hypervoice,135.0,0.141,hypervoice,135.0,1.0,0
5,vacuumwave,40.0,0.899,vacuumwave,40.0,1.0,0
30,sludgebomb,360.0,0.994,sludgebomb,360.0,1.0,0
8,dracometeor,195.0,0.788,dracometeor,195.0,1.0,0
1,hydrosteam,120.0,0.045,dracometeor,195.0,1.62,1
16,drainpunch,150.0,0.982,drainpunch,150.0,1.0,0
4,irontail,75.0,0.184,bodypress,80.0,1.07,0
7,discharge,60.0,0.817,discharge,60.0,1.0,0
4,earthquake,150.0,0.518,earthquake,150.0,1.0,0
14,gunkshot,180.0,0.981,gunkshot,180.0,1.0,0
17,drainpunch,150.0,0.977,drainpunch,150.0,1.0,0
5,earthquake,400.0,0.992,earthquake,400.0,1.0,0
6,calmmind,0.0,0.512,dazzlinggleam,80.0,,1
8,discharge,60.0,0.832,discharge,60.0,1.0,0
5,earthquake,150.0,0.52,earthquake,150.0,1.0,0
9,boomburst,210.0,0.484,boomburst,210.0,1.0,0
31,focusblast,60.0,0.578,psychicnoise,112.5,1.88,1
2,grassyglide,330.0,0.576,woodhammer,720.0,2.18,1
15,gunkshot,45.0,0.951,fireblast,55.0,1.22,0
1,gunkshot,360.0,0.187,gunkshot,360.0,1.0,0
32,focusblast,60.0,0.482,psychicnoise,112.5,1.88,1
18,closecombat,180.0,0.899,closecombat,180.0,1.0,0
16,gunkshot,45.0,0.97,fireblast,55.0,1.22,0
7,bravebird,180.0,0.985,bravebird,180.0,1.0,0
6,bravebird,360.0,0.993,bravebird,360.0,1.0,0
2,gunkshot,240.0,0.979,gunkshot,240.0,1.0,0
9,toxicspikes,0.0,0.926,discharge,60.0,,1
6,dragondarts,75.0,0.208,dragondarts,75.0,1.0,0
10,boomburst,210.0,0.452,boomburst,210.0,1.0,0
33,psychicnoise,112.5,0.557,psychicnoise,112.5,1.0,0
4,supercellslam,300.0,0.545,supercellslam,300.0,1.0,0
17,gunkshot,45.0,0.973,fireblast,55.0,1.22,0
1,bodypress,160.0,0.63,bodypress,160.0,1.0,0
34,psychicnoise,112.5,0.697,psychicnoise,112.5,1.0,0
5,supercellslam,300.0,0.618,supercellslam,300.0,1.0,0
8,sludgebomb,135.0,0.902,sludgebomb,135.0,1.0,0
3,knockoff,48.8,0.727,gunkshot,60.0,1.23,0
7,encore,0.0,0.548,thunderbolt,135.0,,1
7,hypervoice,135.0,0.546,hypervoice,135.0,1.0,0
2,bodypress,160.0,0.669,bodypress,160.0,1.0,0
35,psychicnoise,112.5,0.832,psychicnoise,112.5,1.0,0
18,gunkshot,45.0,0.974,fireblast,55.0,1.22,0
10,rest,0.0,0.886,bodyslam,127.5,,1
4,knockoff,48.8,0.795,gunkshot,60.0,1.23,0
8,encore,0.0,0.522,thunderbolt,135.0,,1
3,bodypress,160.0,0.695,bodypress,160.0,1.0,0
6,supercellslam,0.0,0.443,highhorsepower,95.0,,1
9,sludgebomb,135.0,0.962,surf,135.0,1.0,0
19,gunkshot,45.0,0.974,fireblast,55.0,1.22,0
11,rest,0.0,0.858,bodyslam,127.5,,1
9,encore,0.0,0.496,thunderbolt,135.0,,1
4,bodypress,160.0,0.785,bodypress,160.0,1.0,0
8,hypervoice,135.0,0.275,hypervoice,135.0,1.0,0
36,fireblast,220.0,0.963,fireblast,220.0,1.0,0
11,energyball,67.5,0.966,energyball,67.5,1.0,0
5,earthpower,180.0,0.703,earthpower,180.0,1.0,0
20,gunkshot,45.0,0.975,fireblast,55.0,1.22,0
12,rest,0.0,0.902,bodyslam,127.5,,1
9,fusionbolt,200.0,0.552,fusionbolt,200.0,1.0,0
7,grassyglide,330.0,0.624,woodhammer,720.0,2.18,1
10,icebeam,90.0,0.775,scald,120.0,1.33,0
6,earthpower,180.0,0.893,earthpower,180.0,1.0,0
10,flipturn,90.0,0.814,dracometeor,195.0,2.17,1
21,gunkshot,45.0,0.975,fireblast,55.0,1.22,0
5,bodypress,160.0,0.636,bodypress,160.0,1.0,0
37,psychic,67.5,0.448,uturn,140.0,2.07,1
12,psychocut,105.0,0.787,sacredsword,135.0,1.29,0
11,icebeam,90.0,0.601,scald,120.0,1.33,0
10,dragondance,0.0,0.064,fusionbolt,100.0,,1
13,sludgewave,285.0,0.993,sludgewave,285.0,1.0,0
9,darkpulse,240.0,0.938,darkpulse,240.0,1.0,0
22,toxicspikes,0.0,0.622,fireblast,110.0,,1
11,irontail,300.0,0.55,irontail,300.0,1.0,0
6,earthquake,300.0,0.49,earthquake,300.0,1.0,0
7,aurasphere,160.0,0.931,aurasphere,160.0,1.0,0
38,icebeam,90.0,0.744,hydropump,165.0,1.83,1
23,fireblast,110.0,0.696,fireblast,110.0,1.0,0
12,rest,0.0,0.539,irontail,300.0,,1
1,hurricane,330.0,0.405,hurricane,330.0,1.0,0
14,sludgewave,142.5,0.819,shadowball,240.0,1.68,1
11,fusionbolt,100.0,0.242,fusionbolt,100.0,1.0,0
7,earthquake,300.0,0.266,earthquake,300.0,1.0,0
39,icebeam,90.0,0.778,hydropump,165.0,1.83,1
10,knockoff,130.0,0.375,knockoff,130.0,1.0,0
24,fireblast,110.0,0.537,fireblast,110.0,1.0,0
13,irontail,300.0,0.625,irontail,300.0,1.0,0
8,petalblizzard,270.0,0.996,petalblizzard,270.0,1.0,0
40,icebeam,90.0,0.808,hydropump,165.0,1.83,1
2,spikes,0.0,0.752,hurricane,55.0,,1
14,irontail,300.0,0.524,irontail,300.0,1.0,0
9,petalblizzard,135.0,0.534,petalblizzard,135.0,1.0,0
25,toxicspikes,0.0,0.804,fireblast,110.0,,1
8,psyshock,120.0,0.584,psyshock,120.0,1.0,0
15,terablast,80.0,0.92,darkpulse,120.0,1.5,0
12,hex,65.0,0.449,dragondarts,75.0,1.15,0
3,spikes,0.0,0.5,hurricane,55.0,,1
41,icebeam,90.0,0.83,hydropump,165.0,1.83,1
15,rest,0.0,0.577,irontail,300.0,,1
26,toxicspikes,0.0,0.708,fireblast,110.0,,1
16,terablast,80.0,0.919,darkpulse,120.0,1.5,0
13,hex,65.0,0.486,dragondarts,75.0,1.15,0
1,machpunch,60.0,0.007,machpunch,60.0,1.0,0
9,psyshock,60.0,0.584,psyshock,60.0,1.0,0
12,nastyplot,0.0,0.171,thunderbolt,135.0,,1
27,fireblast,110.0,0.654,fireblast,110.0,1.0,0
16,irontail,300.0,0.864,irontail,300.0,1.0,0
10,scald,120.0,0.961,scald,120.0,1.0,0
2,psychic,270.0,0.015,psychic,270.0,1.0,0
10,psyshock,60.0,0.751,psyshock,60.0,1.0,0
42,freezedry,105.0,0.532,freezedry,105.0,1.0,0
4,wavecrash,180.0,0.353,wavecrash,180.0,1.0,0
17,irontail,300.0,0.817,irontail,300.0,1.0,0
28,fireblast,110.0,0.509,fireblast,110.0,1.0,0
17,terablast,80.0,0.518,darkpulse,120.0,1.5,0
11,scald,120.0,0.991,scald,120.0,1.0,0
14,stompingtantrum,150.0,0.743,stompingtantrum,150.0,1.0,0
5,psyshock,120.0,0.684,psyshock,120.0,1.0,0
43,freezedry,105.0,0.548,freezedry,105.0,1.0,0
13,bravebird,180.0,0.864,bravebird,180.0,1.0,0
29,toxicspikes,0.0,0.818,fireblast,110.0,,1
12,scald,120.0,0.957,scald,120.0,1.0,0
18,terablast,80.0,0.6,darkpulse,120.0,1.5,0
3,mysticalfire,150.0,0.952,mysticalfire,150.0,1.0,0
11,icebeam,180.0,0.98,icebeam,180.0,1.0,0
44,freezedry,105.0,0.568,freezedry,105.0,1.0,0
18,flipturn,90.0,0.83,dracometeor,195.0,2.17,1
14,bravebird,180.0,0.84,bravebird,180.0,1.0,0
30,toxicspikes,0.0,0.73,fireblast,110.0,,1
4,mysticalfire,150.0,0.969,mysticalfire,150.0,1.0,0
16,earthpower,270.0,0.964,earthpower,270.0,1.0,0
6,wavecrash,180.0,0.656,wavecrash,180.0,1.0,0
31,fireblast,110.0,0.624,fireblast,110.0,1.0,0
19,psychic,180.0,0.898,psychic,180.0,1.0,0
13,knockoff,195.0,0.995,knockoff,195.0,1.0,0
12,icebeam,360.0,1.0,icebeam,360.0,1.0,0
45,freezedry,105.0,0.984,freezedry,105.0,1.0,0
32,toxicspikes,0.0,0.52,fireblast,110.0,,1
17,shadowball,120.0,0.639,earthpower,135.0,1.12,0
5,ficklebeam,60.0,0.602,ficklebeam,60.0,1.0,0
15,thunderbolt,135.0,0.647,thunderbolt,135.0,1.0,0
7,wavecrash,90.0,0.571,wavecrash,90.0,1.0,0
19,shadowball,120.0,0.442,shadowball,120.0,1.0,0
33,toxicspikes,0.0,0.734,fireblast,110.0,,1
18,shadowball,120.0,0.532,earthpower,135.0,1.12,0
13,uturn,140.0,0.563,highjumpkick,195.0,1.39,0
14,knockoff,97.5,0.841,closecombat,120.0,1.23,0
1,foulplay,190.0,0.092,bravebird,360.0,1.89,1
20,shadowball,120.0,0.601,shadowball,120.0,1.0,0
34,fireblast,110.0,0.624,fireblast,110.0,1.0,0
19,earthpower,135.0,0.629,earthpower,135.0,1.0,0
16,grassknot,0.0,0.997,thunderbolt,0.0,,0
6,ficklebeam,120.0,0.593,ficklebeam,120.0,1.0,0
8,doubleedge,180.0,0.458,doubleedge,180.0,1.0,0
2,foulplay,190.0,0.877,bravebird,360.0,1.89,1
35,toxicspikes,0.0,0.52,fireblast,110.0,,1
15,foulplay,142.5,0.812,foulplay,142.5,1.0,0
7,ficklebeam,120.0,0.671,ficklebeam,120.0,1.0,0
3,foulplay,190.0,0.801,bravebird,360.0,1.89,1
14,closecombat,240.0,0.876,closecombat,240.0,1.0,0
21,dracometeor,390.0,0.994,dracometeor,390.0,1.0,0
36,toxicspikes,0.0,0.734,fireblast,110.0,,1
1,freezedry,52.5,0.066,earthquake,100.0,1.9,1
16,foulplay,142.5,0.836,foulplay,142.5,1.0,0
20,earthpower,135.0,0.987,earthpower,135.0,1.0,0
17,thunderbolt,135.0,0.52,thunderbolt,135.0,1.0,0
10,hypervoice,135.0,0.465,hypervoice,135.0,1.0,0
37,fireblast,110.0,0.62,fireblast,110.0,1.0,0
2,freezedry,35.0,0.431,earthquake,100.0,2.86,1
8,thunderbolt,180.0,0.959,thunderbolt,180.0,1.0,0
18,thunderbolt,135.0,0.571,thunderbolt,135.0,1.0,0
4,poltergeist,330.0,0.974,poltergeist,330.0,1.0,0
15,highjumpkick,390.0,0.954,highjumpkick,390.0,1.0,0
38,toxicspikes,0.0,0.521,fireblast,110.0,,1
17,foulplay,142.5,0.635,foulplay,142.5,1.0,0
19,thunderbolt,135.0,0.624,thunderbolt,135.0,1.0,0
21,flareblitz,180.0,0.97,flareblitz,180.0,1.0,0
11,hypervoice,135.0,0.753,hypervoice,135.0,1.0,0
3,freezedry,140.0,0.712,earthquake,200.0,1.43,0
39,toxicspikes,0.0,0.732,fireblast,110.0,,1
20,thunderbolt,135.0,0.737,thunderbolt,135.0,1.0,0
5,bodypress,160.0,0.986,bodypress,160.0,1.0,0
9,thunderbolt,90.0,0.776,thunderbolt,90.0,1.0,0
4,freezedry,140.0,0.812,earthquake,200.0,1.43,0
40,fireblast,110.0,0.622,fireblast,110.0,1.0,0
1,strangesteam,135.0,0.225,strangesteam,135.0,1.0,0
6,bodypress,160.0,0.989,bodypress,160.0,1.0,0
12,doubleedge,180.0,0.839,doubleedge,180.0,1.0,0
41,toxicspikes,0.0,0.521,fireblast,110.0,,1
2,strangesteam,90.0,0.555,strangesteam,90.0,1.0,0
1,hypervoice,135.0,0.014,hypervoice,135.0,1.0,0
5,freezedry,280.0,1.0,freezedry,280.0,1.0,0
3,strangesteam,90.0,0.585,strangesteam,90.0,1.0,0
2,hypervoice,90.0,0.629,hypervoice,90.0,1.0,0
7,poltergeist,165.0,0.942,poltergeist,165.0,1.0,0
10,shadowball,120.0,0.954,shadowball,120.0,1.0,0
13,powerwhip,180.0,0.805,powerwhip,180.0,1.0,0
4,strangesteam,90.0,0.762,strangesteam,90.0,1.0,0
3,hypervoice,90.0,0.64,hypervoice,90.0,1.0,0
11,shadowball,120.0,0.973,shadowball,120.0,1.0,0
8,poltergeist,165.0,0.954,poltergeist,165.0,1.0,0
6,headbutt,105.0,0.938,headbutt,105.0,1.0,0
14,powerwhip,180.0,0.617,powerwhip,180.0,1.0,0
4,hypervoice,90.0,0.605,hypervoice,90.0,1.0,0
1,uturn,140.0,0.075,uturn,140.0,1.0,0
12,shadowball,120.0,0.978,shadowball,120.0,1.0,0
5,drainpunch,150.0,0.557,poltergeist,165.0,1.1,0
9,hurricane,330.0,0.755,hurricane,330.0,1.0,0
1,tripleaxel,30.0,0.503,tripleaxel,30.0,1.0,0
7,highhorsepower,190.0,0.128,highhorsepower,190.0,1.0,0
2,gunkshot,180.0,0.018,gunkshot,180.0,1.0,0
5,hypervoice,45.0,0.303,hypervoice,45.0,1.0,0
13,shadowball,120.0,0.978,shadowball,120.0,1.0,0
2,tripleaxel,30.0,0.644,tripleaxel,30.0,1.0,0
8,bugbuzz,135.0,0.862,hurricane,165.0,1.22,0
6,poltergeist,165.0,0.858,poltergeist,165.0,1.0,0
3,earthquake,100.0,0.196,gunkshot,120.0,1.2,0
1,sleeptalk,0.0,0.061,bodyslam,127.5,,1
6,gigadrain,56.2,0.86,gigadrain,56.2,1.0,0
11,wildcharge,180.0,0.696,closecombat,180.0,1.0,0
3,tripleaxel,30.0,0.735,tripleaxel,30.0,1.0,0
4,fireblast,220.0,0.292,fireblast,220.0,1.0,0
9,bugbuzz,135.0,0.858,hurricane,165.0,1.22,0
7,poltergeist,165.0,0.965,poltergeist,165.0,1.0,0
14,shadowball,120.0,0.996,shadowball,120.0,1.0,0
2,bodyslam,85.0,0.503,bodyslam,85.0,1.0,0
1,thunderbolt,270.0,0.043,leafstorm,390.0,1.44,0
7,overheat,260.0,0.524,overheat,260.0,1.0,0
12,wildcharge,180.0,0.954,closecombat,180.0,1.0,0
10,bugbuzz,135.0,0.558,hurricane,165.0,1.22,0
4,focusblast,240.0,0.092,focusblast,240.0,1.0,0
8,seismictoss,0.0,0.961,softboiled,0.0,,0
5,sludgebomb,270.0,0.911,sludgebomb,270.0,1.0,0
8,highhorsepower,190.0,0.491,overheat,260.0,1.37,0
3,hydropump,330.0,0.953,hydropump,330.0,1.0,0
15,machpunch,120.0,0.997,machpunch,120.0,1.0,0
9,seismictoss,0.0,0.941,softboiled,0.0,,0
6,dynamaxcannon,150.0,0.62,dynamaxcannon,150.0,1.0,0
1,alluringvoice,120.0,0.121,alluringvoice,120.0,1.0,0
9,highhorsepower,190.0,0.699,overheat,260.0,1.37,0
13,darkpulse,120.0,0.719,hurricane,165.0,1.38,0
11,hornleech,112.5,0.49,hornleech,112.5,1.0,0
5,focusblast,240.0,0.97,focusblast,240.0,1.0,0
2,terablast,80.0,0.536,terablast,80.0,1.0,0
16,rocktomb,60.0,0.371,rocktomb,60.0,1.0,0
5,foulplay,142.5,0.751,poltergeist,165.0,1.16,0
12,hornleech,112.5,0.46,hornleech,112.5,1.0,0
10,bodypress,160.0,0.999,bodypress,160.0,1.0,0
6,focusblast,240.0,0.975,focusblast,240.0,1.0,0
7,wavecrash,180.0,0.224,wavecrash,180.0,1.0,0
10,overheat,260.0,0.954,overheat,260.0,1.0,0
6,foulplay,142.5,0.769,poltergeist,165.0,1.16,0
4,moonblast,71.2,0.043,moonblast,71.2,1.0,0
13,swordsdance,0.0,0.421,hornleech,112.5,,1
3,earthquake,100.0,0.931,bodyslam,127.5,1.27,0
5,psyshock,120.0,0.783,psyshock,120.0,1.0,0
7,focusblast,120.0,0.664,psychoboost,280.0,2.33,1
17,gunkshot,360.0,0.978,gunkshot,360.0,1.0,0
11,fireblast,330.0,0.846,fireblast,330.0,1.0,0
8,wavecrash,180.0,0.659,wavecrash,180.0,1.0,0
4,earthquake,100.0,0.921,bodyslam,127.5,1.27,0
11,dazzlinggleam,240.0,0.853,dazzlinggleam,240.0,1.0,0
15,surf,270.0,0.801,surf,270.0,1.0,0
7,hydropump,330.0,0.966,hydropump,330.0,1.0,0
14,dynamaxcannon,150.0,0.786,dynamaxcannon,150.0,1.0,0
8,focusblast,120.0,0.645,psychoboost,280.0,2.33,1
5,earthquake,100.0,0.896,bodyslam,127.5,1.27,0
12,dazzlinggleam,240.0,0.934,dazzlinggleam,240.0,1.0,0
6,darkpulse,120.0,0.728,darkpulse,120.0,1.0,0
12,knockoff,130.0,0.798,fireblast,165.0,1.27,0
9,uturn,70.0,0.5,dragonpulse,85.0,1.21,0
1,hydropump,330.0,0.333,wavecrash,360.0,1.09,0
15,dynamaxcannon,150.0,0.841,dynamaxcannon,150.0,1.0,0
16,energyball,90.0,0.411,surf,135.0,1.5,0
6,earthquake,100.0,0.84,bodyslam,127.5,1.27,0
7,darkpulse,120.0,0.926,darkpulse,120.0,1.0,0
9,flipturn,90.0,0.92,wavecrash,180.0,2.0,1
13,knockoff,130.0,0.608,fireblast,165.0,1.27,0
2,hydropump,330.0,0.31,wavecrash,360.0,1.09,0
17,surf,135.0,0.571,surf,135.0,1.0,0
13,scald,60.0,0.569,scald,60.0,1.0,0
9,fireblast,165.0,0.91,bravebird,180.0,1.09,0
16,dynamaxcannon,150.0,0.76,dynamaxcannon,150.0,1.0,0
10,overheat,390.0,0.927,overheat,390.0,1.0,0
14,scald,60.0,0.574,scald,60.0,1.0,0
10,fireblast,165.0,0.932,bravebird,180.0,1.09,0
14,knockoff,130.0,0.771,fireblast,165.0,1.27,0
3,liquidation,255.0,0.319,liquidation,255.0,1.0,0
18,bodyslam,127.5,0.771,bodyslam,127.5,1.0,0
7,swordsdance,0.0,0.623,playrough,135.0,,1
8,moonblast,71.2,0.125,moonblast,71.2,1.0,0
10,supercellslam,150.0,0.37,highhorsepower,190.0,1.27,0
15,scald,60.0,0.592,scald,60.0,1.0,0
17,closecombat,240.0,0.991,closecombat,240.0,1.0,0
8,swordsdance,0.0,0.601,playrough,135.0,,1
9,earthpower,180.0,0.467,earthpower,180.0,1.0,0
19,bodyslam,127.5,0.551,bodyslam,127.5,1.0,0
11,earthquake,300.0,0.996,earthquake,300.0,1.0,0
15,suckerpunch,210.0,0.956,suckerpunch,210.0,1.0,0
11,uturn,140.0,0.712,uturn,140.0,1.0,0
4,liquidation,63.8,0.337,closecombat,120.0,1.88,1
9,swordsdance,0.0,0.499,playrough,135.0,,1
20,bodyslam,127.5,0.583,bodyslam,127.5,1.0,0
16,flipturn,90.0,0.944,scald,120.0,1.33,0
11,overheat,260.0,0.939,overheat,260.0,1.0,0
1,focusblast,120.0,0.34,psyshock,120.0,1.0,0
16,suckerpunch,210.0,0.888,suckerpunch,210.0,1.0,0
10,moonblast,71.2,0.537,moonblast,71.2,1.0,0
5,psyshock,240.0,0.665,psyshock,240.0,1.0,0
12,waterpulse,45.0,0.573,dragonpulse,85.0,1.89,1
10,swordsdance,0.0,0.475,playrough,135.0,,1
17,suckerpunch,105.0,0.996,suckerpunch,105.0,1.0,0
12,bodypress,80.0,0.681,stoneedge,150.0,1.88,1
1,sleeptalk,0.0,0.195,scald,120.0,,1
11,moonblast,71.2,0.536,moonblast,71.2,1.0,0
12,overheat,260.0,0.989,overheat,260.0,1.0,0
17,hypervoice,90.0,0.964,hypervoice,90.0,1.0,0
3,closecombat,180.0,0.913,closecombat,180.0,1.0,0
2,sleeptalk,0.0,0.625,scald,80.0,,1
13,stoneedge,150.0,0.394,stoneedge,150.0,1.0,0
13,uturn,140.0,0.915,uturn,140.0,1.0,0
13,overheat,260.0,0.988,overheat,260.0,1.0,0
11,bodypress,160.0,0.485,bodypress,160.0,1.0,0
3,sleeptalk,0.0,0.648,scald,80.0,,1
14,curse,0.0,0.448,stoneedge,150.0,,1
12,voltswitch,70.0,0.425,leafstorm,97.5,1.39,0
1,moonblast,35.6,0.03,moonblast,35.6,1.0,0
7,dazzlinggleam,120.0,0.533,foulplay,190.0,1.58,1
18,hypervoice,90.0,0.972,hypervoice,90.0,1.0,0
4,closecombat,180.0,0.479,closecombat,180.0,1.0,0
14,overheat,260.0,0.986,overheat,260.0,1.0,0
4,sleeptalk,0.0,0.672,scald,80.0,,1
2,moonblast,23.8,0.196,moonblast,23.8,1.0,0
14,closecombat,180.0,0.895,closecombat,180.0,1.0,0
15,overheat,260.0,0.981,overheat,260.0,1.0,0
12,bodypress,160.0,0.804,bodypress,160.0,1.0,0
8,foulplay,190.0,0.512,foulplay,190.0,1.0,0
5,sleeptalk,0.0,0.695,scald,80.0,,1
19,hypervoice,90.0,0.963,hypervoice,90.0,1.0,0
13,earthquake,300.0,0.523,stoneedge,300.0,1.0,0
15,doubleedge,120.0,0.449,leafblade,135.0,1.12,0
3,outrage,180.0,0.322,outrage,180.0,1.0,0
16,overheat,260.0,0.973,overheat,260.0,1.0,0
13,bodypress,160.0,0.851,bodypress,160.0,1.0,0
5,stoneedge,300.0,0.521,stoneedge,300.0,1.0,0
6,sleeptalk,0.0,0.717,scald,80.0,,1
9,foulplay,190.0,0.554,foulplay,190.0,1.0,0
15,closecombat,90.0,0.852,closecombat,90.0,1.0,0
20,hypervoice,90.0,0.949,hypervoice,90.0,1.0,0
16,doubleedge,120.0,0.716,leafblade,135.0,1.12,0
6,stoneedge,300.0,0.561,stoneedge,300.0,1.0,0
10,foulplay,190.0,0.592,foulplay,190.0,1.0,0
7,sleeptalk,0.0,0.733,scald,80.0,,1
14,megahorn,120.0,0.543,megahorn,120.0,1.0,0
4,earthquake,600.0,0.998,earthquake,600.0,1.0,0
17,voltswitch,210.0,0.841,supercellslam,300.0,1.43,0
14,hydropump,165.0,0.511,hydropump,165.0,1.0,0
1,gunkshot,360.0,0.047,gunkshot,360.0,1.0,0
17,swordsdance,0.0,0.731,doubleedge,120.0,,1
7,highhorsepower,190.0,0.853,highhorsepower,190.0,1.0,0
5,icebeam,180.0,0.642,icebeam,180.0,1.0,0
11,liquidation,127.5,0.963,liquidation,127.5,1.0,0
15,liquidation,127.5,0.474,hydropump,165.0,1.29,0
2,gunkshot,240.0,0.903,gunkshot,240.0,1.0,0
8,hypervoice,135.0,0.726,focusblast,240.0,1.78,1
15,leafstorm,97.5,0.489,leafstorm,97.5,1.0,0
1,surf,45.0,0.025,volttackle,90.0,2.0,1
18,wavecrash,90.0,0.934,shadowball,240.0,2.67,1
16,liquidation,127.5,0.545,hydropump,165.0,1.29,0
3,gunkshot,240.0,0.921,gunkshot,240.0,1.0,0
9,hypervoice,135.0,0.646,focusblast,240.0,1.78,1
2,surf,67.5,0.406,surf,67.5,1.0,0
8,dazzlinggleam,120.0,0.257,dazzlinggleam,120.0,1.0,0
12,liquidation,63.8,0.88,liquidation,63.8,1.0,0
6,fireblast,220.0,0.79,gunkshot,360.0,1.64,1
4,gunkshot,240.0,0.929,gunkshot,240.0,1.0,0
1,drainpunch,112.5,0.038,drainpunch,112.5,1.0,0
9,crunch,60.0,0.071,crunch,60.0,1.0,0
17,liquidation,127.5,0.574,hydropump,165.0,1.29,0
19,voltswitch,210.0,0.789,supercellslam,300.0,1.43,0
3,closecombat,240.0,0.933,closecombat,240.0,1.0,0
7,fireblast,220.0,0.779,gunkshot,360.0,1.64,1
5,gunkshot,240.0,0.91,gunkshot,240.0,1.0,0
10,dazzlinggleam,120.0,0.399,dazzlinggleam,120.0,1.0,0
2,ragefist,50.0,0.758,drainpunch,75.0,1.5,0
10,hypervoice,135.0,0.477,hypervoice,135.0,1.0,0
13,sludgebomb,90.0,0.779,darkpulse,120.0,1.33,0
4,closecombat,240.0,0.873,closecombat,240.0,1.0,0
8,gunkshot,180.0,0.212,gunkshot,180.0,1.0,0
3,ragefist,50.0,0.534,drainpunch,75.0,1.5,0
1,knockoff,97.5,0.063,bravebird,180.0,1.85,1
11,airslash,225.0,0.987,airslash,225.0,1.0,0
18,earthquake,300.0,0.913,earthquake,300.0,1.0,0
20,knockoff,195.0,0.794,knockoff,195.0,1.0,0
14,sludgebomb,90.0,0.77,darkpulse,120.0,1.33,0
11,stompingtantrum,150.0,0.93,stompingtantrum,150.0,1.0,0
2,knockoff,65.0,0.654,bravebird,120.0,1.85,1
6,poltergeist,165.0,0.89,poltergeist,165.0,1.0,0
9,shadowball,120.0,0.42,malignantchain,150.0,1.25,0
15,darkpulse,120.0,0.423,darkpulse,120.0,1.0,0
4,earthquake,100.0,0.55,earthquake,100.0,1.0,0
5,closecombat,120.0,0.877,closecombat,120.0,1.0,0
12,stompingtantrum,150.0,0.878,stompingtantrum,150.0,1.0,0
3,knockoff,65.0,0.916,bravebird,120.0,1.85,1
12,airslash,112.5,0.666,airslash,112.5,1.0,0
5,earthquake,100.0,0.46,earthquake,100.0,1.0,0
1,razorshell,112.5,0.023,razorshell,112.5,1.0,0
7,poltergeist,82.5,0.052,poltergeist,82.5,1.0,0
16,darkpulse,120.0,0.399,darkpulse,120.0,1.0,0
10,bugbuzz,135.0,0.742,bugbuzz,135.0,1.0,0
2,razorshell,75.0,0.335,razorshell,75.0,1.0,0
8,playrough,135.0,0.935,playrough,135.0,1.0,0
6,stealthrock,0.0,0.494,stoneedge,200.0,,1
1,bodypress,80.0,0.125,bodypress,80.0,1.0,0
13,focusblast,480.0,0.999,focusblast,480.0,1.0,0
4,dazzlinggleam,120.0,0.864,thunderbolt,135.0,1.12,0
13,hypervoice,135.0,0.931,hypervoice,135.0,1.0,0
6,revelationdance,90.0,0.885,hurricane,165.0,1.83,1
17,sludgebomb,90.0,0.809,darkpulse,120.0,1.33,0
7,stealthrock,0.0,0.752,stoneedge,200.0,,1
2,bodypress,80.0,0.838,bodypress,80.0,1.0,0
11,fireblast,110.0,0.618,gunkshot,180.0,1.64,1
3,fireblast,165.0,0.283,fireblast,165.0,1.0,0
10,dragonascent,180.0,0.368,earthquake,200.0,1.11,0
14,alluringvoice,120.0,0.774,alluringvoice,120.0,1.0,0
5,thunderbolt,135.0,0.304,thunderbolt,135.0,1.0,0
3,bodypress,80.0,0.804,bodypress,80.0,1.0,0
7,revelationdance,90.0,0.963,hurricane,165.0,1.83,1
4,stealthrock,0.0,0.391,overheat,195.0,,1
18,hypervoice,135.0,0.856,hypervoice,135.0,1.0,0
8,calmmind,0.0,0.602,freezedry,52.5,,1
12,gunkshot,180.0,0.511,gunkshot,180.0,1.0,0
6,ragefist,75.0,0.13,ragefist,75.0,1.0,0
9,calmmind,0.0,0.371,freezedry,52.5,,1
11,playrough,135.0,0.982,playrough,135.0,1.0,0
4,shellsmash,0.0,0.777,populationbomb,30.0,,1
15,terablast,80.0,0.816,terablast,80.0,1.0,0
8,matchagotcha,240.0,0.642,matchagotcha,240.0,1.0,0
15,scaleshot,50.0,0.492,gunkshot,180.0,3.6,1
7,stoneedge,200.0,0.811,stoneedge,200.0,1.0,0
5,fireblast,165.0,0.579,fireblast,165.0,1.0,0
10,crunch,80.0,0.869,wavecrash,90.0,1.12,0
5,shellsmash,0.0,0.268,populationbomb,30.0,,1
16,terablast,80.0,0.887,terablast,80.0,1.0,0
13,moonblast,95.0,0.848,moonblast,95.0,1.0,0
17,terablast,80.0,0.915,terablast,80.0,1.0,0
9,shadowball,120.0,0.939,shadowball,120.0,1.0,0
6,foulplay,142.5,0.805,foulplay,142.5,1.0,0
16,crunch,240.0,0.996,crunch,240.0,1.0,0
9,ragefist,75.0,0.238,ragefist,75.0,1.0,0
21,knockoff,130.0,0.582,knockoff,130.0,1.0,0
11,calmmind,0.0,0.649,freezedry,52.5,,1
6,moonblast,285.0,0.952,moonblast,285.0,1.0,0
14,encore,0.0,0.67,moonblast,23.8,,1
17,crunch,240.0,0.99,crunch,240.0,1.0,0
13,psychicfangs,170.0,0.902,psychicfangs,170.0,1.0,0
7,wish,0.0,0.117,foulplay,71.2,,1
7,moonblast,285.0,0.946,moonblast,285.0,1.0,0
18,throatchop,120.0,0.907,throatchop,120.0,1.0,0
10,fireblast,330.0,0.961,fireblast,330.0,1.0,0
15,moonblast,23.8,0.621,moonblast,23.8,1.0,0
10,surf,270.0,0.659,surf,270.0,1.0,0
12,nastyplot,0.0,0.576,solarbeam,240.0,,1
22,ironhead,120.0,0.614,ironhead,120.0,1.0,0
8,earthquake,150.0,0.971,gunkshot,180.0,1.2,0
18,gunkshot,360.0,0.952,gunkshot,360.0,1.0,0
14,hydropump,220.0,0.985,hydropump,220.0,1.0,0
11,surf,270.0,0.823,surf,270.0,1.0,0
8,powertrip,10.0,0.801,populationbomb,30.0,3.0,1
13,solarbeam,240.0,0.371,solarbeam,240.0,1.0,0
19,throatchop,60.0,0.9,throatchop,60.0,1.0,0
11,fireblast,330.0,0.835,fireblast,330.0,1.0,0
15,hydropump,220.0,0.975,hydropump,220.0,1.0,0
9,earthquake,150.0,0.975,gunkshot,180.0,1.2,0
1,dualwingbeat,120.0,0.1,earthquake,200.0,1.67,1
19,gunkshot,360.0,0.973,gunkshot,360.0,1.0,0
10,earthquake,150.0,0.969,gunkshot,180.0,1.2,0
12,surf,135.0,0.78,surf,135.0,1.0,0
14,scorchingsands,70.0,0.393,solarbeam,240.0,3.43,1
9,calmmind,0.0,0.931,psyshock,240.0,,1
20,gunkshot,180.0,0.889,gunkshot,180.0,1.0,0
11,earthquake,150.0,0.976,gunkshot,180.0,1.2,0
12,psyshock,120.0,0.831,fireblast,165.0,1.38,0
2,meteormash,67.5,0.376,closecombat,180.0,2.67,1
16,thunderbolt,135.0,0.989,thunderbolt,135.0,1.0,0
1,earthpower,180.0,0.05,earthpower,180.0,1.0,0
10,calmmind,0.0,0.763,psyshock,240.0,,1
12,earthquake,150.0,0.984,gunkshot,180.0,1.2,0
13,dazzlinggleam,240.0,0.818,dazzlinggleam,240.0,1.0,0
2,earthpower,180.0,0.669,earthpower,180.0,1.0,0
1,heavyslam,0.0,0.072,earthpower,180.0,,1
11,calmmind,0.0,0.508,psyshock,240.0,,1
3,waterfall,240.0,0.95,waterfall,240.0,1.0,0
13,closecombat,360.0,0.987,closecombat,360.0,1.0,0
21,icepunch,150.0,0.946,icepunch,150.0,1.0,0
14,dazzlinggleam,240.0,0.945,dazzlinggleam,240.0,1.0,0
17,alluringvoice,80.0,0.612,alluringvoice,80.0,1.0,0
2,earthpower,180.0,0.542,earthpower,180.0,1.0,0
13,wish,0.0,0.517,foulplay,142.5,,1
3,psystrike,150.0,0.971,psystrike,150.0,1.0,0
1,ironhead,120.0,0.022,outrage,180.0,1.5,0
12,bodypress,120.0,0.853,bodypress,120.0,1.0,0
14,closecombat,180.0,0.93,closecombat,180.0,1.0,0
3,earthpower,180.0,0.727,earthpower,180.0,1.0,0
4,waterfall,60.0,0.846,earthquake,100.0,1.67,1
15,uturn,140.0,0.583,uturn,140.0,1.0,0
2,earthquake,150.0,0.445,earthquake,150.0,1.0,0
4,aurasphere,160.0,0.308,aurasphere,160.0,1.0,0
5,waterfall,60.0,0.767,earthquake,100.0,1.67,1
14,closecombat,120.0,0.972,closecombat,120.0,1.0,0
3,earthquake,150.0,0.501,earthquake,150.0,1.0,0
4,earthpower,360.0,0.999,earthpower,360.0,1.0,0
13,bodypress,60.0,0.673,shadowball,80.0,1.33,0
5,stoneedge,100.0,0.905,stoneedge,100.0,1.0,0
16,ironhead,120.0,0.738,uturn,140.0,1.17,0
4,earthquake,150.0,0.578,earthquake,150.0,1.0,0
14,bodypress,60.0,0.738,shadowball,80.0,1.33,0
6,stealthrock,0.0,0.586,knockoff,32.5,,1
17,ironhead,120.0,0.732,uturn,140.0,1.17,0
15,iciclecrash,63.8,0.701,highhorsepower,95.0,1.49,0
5,earthquake,400.0,0.859,earthquake,400.0,1.0,0
5,earthquake,150.0,0.643,earthquake,150.0,1.0,0
15,bodypress,60.0,0.771,shadowball,80.0,1.33,0
6,dracometeor,195.0,0.787,fireblast,220.0,1.13,0
18,ironhead,120.0,0.723,uturn,140.0,1.17,0
6,earthquake,150.0,0.706,earthquake,150.0,1.0,0
6,earthquake,400.0,0.857,earthquake,400.0,1.0,0
7,firstimpression,270.0,0.606,firstimpression,270.0,1.0,0
19,ironhead,120.0,0.712,uturn,140.0,1.17,0
7,earthquake,400.0,0.855,earthquake,400.0,1.0,0
20,ironhead,120.0,0.697,uturn,140.0,1.17,0
7,dracometeor,195.0,0.58,dracometeor,195.0,1.0,0
7,ironhead,160.0,0.413,ironhead,160.0,1.0,0
8,firstimpression,67.5,0.339,firstimpression,67.5,1.0,0
8,scald,240.0,0.999,scald,240.0,1.0,0
8,dracometeor,195.0,0.573,dracometeor,195.0,1.0,0
21,ironhead,120.0,0.919,ironhead,120.0,1.0,0
8,ironhead,160.0,0.832,outrage,180.0,1.12,0
22,ironhead,120.0,0.928,ironhead,120.0,1.0,0
9,firstimpression,67.5,0.796,firstimpression,67.5,1.0,0
9,calmmind,0.0,0.756,scald,60.0,,1
9,ironhead,160.0,0.582,outrage,180.0,1.12,0
9,psystrike,150.0,0.961,psystrike,150.0,1.0,0
23,ironhead,120.0,0.935,ironhead,120.0,1.0,0
24,ironhead,120.0,0.942,ironhead,120.0,1.0,0
10,scaleshot,37.5,0.723,ironhead,80.0,2.13,1
10,outrage,180.0,0.633,outrage,180.0,1.0,0
10,throatchop,80.0,0.794,liquidation,127.5,1.59,1
25,ironhead,120.0,0.958,ironhead,120.0,1.0,0
11,earthquake,200.0,0.898,earthquake,200.0,1.0,0
11,taunt,0.0,0.641,wavecrash,180.0,,1
26,ironhead,120.0,0.981,ironhead,120.0,1.0,0
12,earthquake,200.0,0.946,earthquake,200.0,1.0,0
11,bodypress,160.0,0.999,bodypress,160.0,1.0,0
27,ironhead,120.0,0.984,ironhead,120.0,1.0,0
12,bodypress,160.0,0.999,bodypress,160.0,1.0,0
12,poltergeist,330.0,0.969,poltergeist,330.0,1.0,0
28,ironhead,120.0,0.987,ironhead,120.0,1.0,0
13,scaleshot,75.0,0.993,earthquake,100.0,1.33,0
13,bodypress,160.0,0.998,bodypress,160.0,1.0,0
14,psychicnoise,225.0,0.999,psychicnoise,225.0,1.0,0
13,bitterblade,135.0,0.828,bitterblade,135.0,1.0,0
14,bodypress,160.0,0.991,bodypress,160.0,1.0,0
15,psychicnoise,225.0,0.999,psychicnoise,225.0,1.0,0
16,psychicnoise,225.0,0.999,psychicnoise,225.0,1.0,0
14,focuspunch,150.0,0.609,poltergeist,165.0,1.1,0
17,knockoff,130.0,0.661,uturn,140.0,1.08,0
15,focuspunch,150.0,0.56,poltergeist,165.0,1.1,0
18,knockoff,130.0,0.756,uturn,140.0,1.08,0
16,focuspunch,150.0,0.5,poltergeist,165.0,1.1,0
19,knockoff,130.0,0.793,uturn,140.0,1.08,0
17,closecombat,180.0,0.899,closecombat,180.0,1.0,0
20,psychicnoise,225.0,0.998,psychicnoise,225.0,1.0,0
21,icespinner,240.0,0.995,icespinner,240.0,1.0,0
